Run.Date,Extraction Date,Petiole Date,Sample.Name,Sample Date,Row,Vine,Side,Weight,,
7/30/21,,7/29/21,1,7/7/21,2,22,1,0.1,,
7/30/21,,7/29/21,2,7/7/21,2,23,1,0.1,,
7/30/21,,7/29/21,3,7/7/21,2,24,1,0.1,,
7/30/21,,7/29/21,4,7/7/21,2,25,1,0.1,,
7/30/21,,7/29/21,5,7/7/21,3,17,1,0.1,,
7/30/21,,7/29/21,6,7/7/21,3,18,1,0.1,,
7/30/21,,7/29/21,7,7/7/21,3,19,1,0.1,,
7/30/21,,7/29/21,8,7/7/21,3,20,1,0.1,,
7/30/21,,7/29/21,9,7/7/21,3,21,1,0.1,,
7/30/21,,7/29/21,10,7/7/21,4,12,1,0.1,,
7/30/21,,7/29/21,11,7/7/21,4,13,1,0.1,,
7/30/21,,7/29/21,12,7/7/21,4,14,1,0.1,,
7/30/21,,7/29/21,13,7/7/21,4,16,1,0.1,,
7/30/21,,7/29/21,14,7/7/21,4,23,1,0.1,,
7/30/21,,7/29/21,15,7/7/21,4,24,1,0.1,,
7/30/21,,7/29/21,16,7/7/21,4,25,1,0.1,,
7/30/21,,7/29/21,17,7/7/21,4,26,1,0.1,,
7/30/21,,7/29/21,18,7/7/21,4,27,1,0.1,,
7/30/21,,7/29/21,19,7/7/21,4,28,1,0.1,,
7/30/21,,7/29/21,20,7/7/21,4,29,1,0.1,,
7/30/21,,7/29/21,21,7/7/21,4,30,1,0.1,,
7/30/21,,7/29/21,22,7/7/21,4,31,1,0.1,,
7/30/21,,7/29/21,23,7/7/21,6,2,1,0.1,,
7/30/21,,7/29/21,24,7/7/21,6,3,1,0.1,,
7/30/21,,7/30/21,25,7/7/21,6,4,1,0.1,,
7/30/21,,7/30/21,26,7/7/21,6,5,1,0.1,,
7/30/21,,7/30/21,27,7/7/21,6,6,1,0.1,,
7/30/21,,7/30/21,28,7/7/21,7,7,1,0.1,,
7/30/21,,7/30/21,29,7/7/21,7,8,1,0.1,,
7/30/21,,7/30/21,30,7/7/21,7,10,1,0.1,,
7/30/21,,7/30/21,31,7/7/21,7,32,1,0.1,,
7/30/21,,7/30/21,32,7/7/21,7,33,1,0.1,,
7/30/21,,7/30/21,33,7/7/21,7,34,1,0.1,,
7/30/21,,7/30/21,34,7/7/21,7,35,1,0.1,,
7/30/21,,7/30/21,35,7/7/21,8,17,1,0.1,,
7/30/21,,7/30/21,36,7/7/21,8,18,1,0.1,,
7/30/21,,7/30/21,37,7/7/21,8,19,1,0.1,,
7/30/21,,7/30/21,38,7/7/21,8,21,1,0.1,,
7/30/21,,7/30/21,39,7/7/21,8,27,1,0.1,,
7/30/21,,7/30/21,40,7/7/21,8,28,1,0.1,,
7/30/21,,7/30/21,41,7/7/21,8,29,1,0.1,,
7/30/21,,7/30/21,42,7/7/21,8,30,1,0.1,,
7/30/21,,7/30/21,43,7/7/21,8,32,1,0.1,,
7/30/21,,7/30/21,44,7/7/21,8,33,1,0.1,,
7/30/21,,7/30/21,45,7/7/21,8,34,1,0.1,,
8/3/21,,7/30/21,46,7/7/21,8,35,1,0.1,,
8/3/21,,7/30/21,47,7/7/21,8,36,1,0.1,,
8/3/21,,7/30/21,48,7/7/21,9,2,1,0.1,,
8/3/21,,8/1/21,49,7/7/21,9,4,1,0.1,,
8/3/21,,8/1/21,50,7/7/21,9,6,1,0.1,,
8/3/21,,8/1/21,51,7/7/21,9,27,1,0.1,,
8/3/21,,8/1/21,52,7/7/21,9,28,1,0.1,,
8/3/21,,8/1/21,53,7/7/21,9,29,1,0.1,,
8/3/21,,8/1/21,54,7/7/21,9,30,1,0.1,,
8/3/21,,8/1/21,55,7/7/21,9,31,1,0.1,,
8/3/21,,8/1/21,56,7/7/21,10,22,1,0.1,,
8/3/21,,8/1/21,57,7/7/21,10,23,1,0.1,,
8/3/21,,8/1/21,58,7/7/21,10,24,1,0.1,,
8/3/21,,8/1/21,59,7/7/21,10,25,1,0.1,,
8/3/21,,8/1/21,60,7/7/21,10,26,1,0.1,,
8/3/21,,8/1/21,61,7/7/21,10,37,1,0.1,,
8/3/21,,8/1/21,62,7/7/21,10,38,1,0.1,,
8/3/21,,8/1/21,63,7/7/21,10,39,1,0.1,,
8/3/21,,8/1/21,64,7/7/21,10,40,1,0.1,,
8/3/21,,8/1/21,65,7/7/21,10,41,1,0.1,,
8/3/21,,8/1/21,66,7/7/21,11,2,1,0.1,,
8/3/21,,8/1/21,67,7/7/21,11,3,1,0.1,,
8/3/21,,8/1/21,68,7/7/21,11,4,1,0.1,,
8/3/21,,8/1/21,69,7/7/21,11,5,1,0.1,,
8/3/21,,8/1/21,70,7/7/21,11,6,1,0.1,,
8/3/21,,8/1/21,71,7/7/21,12,7,1,0.1,,
8/3/21,,8/1/21,72,7/7/21,12,8,1,0.1,,
8/3/21,,8/2/21,73,7/7/21,12,9,1,0.1,,
8/3/21,,8/2/21,74,7/7/21,12,10,1,0.1,,
8/3/21,,8/2/21,75,7/7/21,12,11,1,0.1,,
8/3/21,,8/2/21,76,7/7/21,12,12,1,0.1,,
8/3/21,,8/2/21,77,7/7/21,12,13,1,0.1,,
8/3/21,,8/2/21,78,7/7/21,12,14,1,0.1,,
8/3/21,,8/2/21,79,7/7/21,12,15,1,0.1,,
8/3/21,,8/2/21,80,7/7/21,12,16,1,0.1,,
8/3/21,,8/2/21,81,7/7/21,13,37,1,0.1,,
8/3/21,,8/2/21,82,7/7/21,13,38,1,0.1,,
8/3/21,,8/2/21,83,7/7/21,13,39,1,0.1,,
8/3/21,,8/2/21,84,7/7/21,13,40,1,0.1,,
8/3/21,,8/2/21,85,7/7/21,13,41,1,0.1,,
8/3/21,,8/2/21,86,7/7/21,14,7,1,0.1,,
8/3/21,,8/2/21,87,7/7/21,14,8,1,0.1,,
8/3/21,,8/2/21,88,7/7/21,14,9,1,0.1,,
8/3/21,,8/2/21,89,7/7/21,14,10,1,0.1,,
8/3/21,,8/2/21,90,7/7/21,14,11,1,0.1,,
8/6/21,,8/2/21,91,7/7/21,14,22,1,0.1,,
8/6/21,,8/2/21,92,7/7/21,14,23,1,0.1,,
8/6/21,,8/2/21,93,7/7/21,14,24,1,0.1,,
8/6/21,,8/2/21,94,7/7/21,14,25,1,0.1,,
8/6/21,,8/2/21,95,7/7/21,14,26,1,0.1,,
8/6/21,,8/2/21,96,7/7/21,15,33,1,0.1,,
8/6/21,,8/2/21,97,7/7/21,15,34,1,0.1,,
8/6/21,,8/2/21,98,7/7/21,15,35,1,0.1,,
8/6/21,,8/2/21,99,7/7/21,15,36,1,0.1,,
8/6/21,,8/2/21,100,7/7/21,16,12,1,0.1,,
8/6/21,,8/2/21,101,7/7/21,16,13,1,0.1,,
8/6/21,,8/2/21,102,7/7/21,16,14,1,0.1,,
8/6/21,,8/2/21,103,7/7/21,16,16,1,0.1,,
8/6/21,,8/2/21,104,7/7/21,16,17,1,0.1,,
8/6/21,,8/2/21,105,7/7/21,16,18,1,0.1,,
8/6/21,,8/2/21,106,7/7/21,16,19,1,0.1,,
8/6/21,,8/2/21,107,7/7/21,16,20,1,0.1,,
8/6/21,,8/2/21,108,7/7/21,16,21,1,0.1,,
10/13/21,10/5/21,9/30/21,1,9/24/21,2,22,1,0.1,,
10/13/21,10/5/21,9/30/21,2,9/24/21,2,23,1,0.1,,
10/13/21,10/5/21,9/30/21,3,9/24/21,2,24,1,0.1,,
10/13/21,10/5/21,9/30/21,4,9/24/21,2,25,1,0.1,,
10/13/21,10/5/21,9/30/21,5,9/24/21,3,2,1,0.1,,
10/13/21,10/5/21,9/30/21,6,9/24/21,3,3,1,0.1,,
10/13/21,10/5/21,9/30/21,7,9/24/21,3,4,1,0.1,,
10/13/21,10/5/21,9/30/21,8,9/24/21,3,5,1,0.1,,
10/13/21,10/6/21,9/30/21,9,9/24/21,3,6,1,0.1,,
10/13/21,10/6/21,9/30/21,10,9/24/21,3,7,1,0.1,,
10/13/21,10/6/21,9/30/21,11,9/24/21,3,8,1,0.1,,
10/13/21,10/6/21,9/30/21,12,9/24/21,3,9,1,0.1,,
10/13/21,10/6/21,9/30/21,13,9/24/21,3,10,1,0.1,,
10/13/21,10/6/21,9/30/21,14,9/24/21,3,11,1,0.1,,
10/13/21,10/6/21,9/30/21,15,9/24/21,3,12,1,0.1,,
10/13/21,10/6/21,9/30/21,16,9/24/21,3,13,1,0.1,,
10/13/21,10/6/21,9/30/21,17,9/24/21,3,14,1,0.1,,
10/13/21,10/6/21,9/30/21,18,9/24/21,3,15,1,0.1,,
10/13/21,10/6/21,9/30/21,19,9/24/21,3,16,1,0.1,,
10/13/21,10/6/21,9/30/21,20,9/24/21,3,17,1,0.1,,
10/13/21,10/7/21,9/30/21,21,9/24/21,3,18,1,0.1,,
10/13/21,10/7/21,9/30/21,22,9/24/21,3,19,1,0.1,,
10/13/21,10/7/21,9/30/21,23,9/24/21,3,20,1,0.1,,
10/13/21,10/7/21,9/30/21,24,9/24/21,3,21,1,0.1,,
10/13/21,10/7/21,9/30/21,25,9/24/21,3,22,1,0.1,,
10/13/21,10/7/21,9/30/21,26,9/24/21,3,23,1,0.1,,
10/13/21,10/7/21,9/30/21,27,9/24/21,3,24,1,0.1,,
10/13/21,10/7/21,9/30/21,28,9/24/21,3,25,1,0.1,,
10/13/21,10/7/21,9/30/21,29,9/24/21,3,26,1,0.1,,
10/13/21,10/7/21,9/30/21,30,9/24/21,3,27,1,0.1,,
10/13/21,10/7/21,9/30/21,31,9/24/21,3,28,1,0.1,,
10/13/21,10/7/21,9/30/21,32,9/24/21,3,29,1,0.1,,
10/13/21,10/12/21,9/30/21,33,9/24/21,3,30,1,0.1,,
10/13/21,10/12/21,9/30/21,34,9/24/21,3,31,1,0.1,,
10/13/21,10/12/21,9/30/21,35,9/24/21,4,2,1,0.1,,
10/13/21,10/12/21,9/30/21,36,9/24/21,4,3,1,0.1,,
10/13/21,10/12/21,9/30/21,37,9/24/21,4,4,1,0.1,,
10/13/21,10/12/21,9/30/21,38,9/24/21,4,5,1,0.1,,
10/13/21,10/12/21,9/30/21,39,9/24/21,4,6,1,0.1,,
10/13/21,10/12/21,9/30/21,40,9/24/21,4,7,1,0.1,,
10/13/21,10/12/21,9/30/21,41,9/24/21,4,8,1,0.1,,
10/13/21,10/12/21,9/30/21,42,9/24/21,4,9,1,0.1,,
10/13/21,10/12/21,9/30/21,43,9/24/21,4,10,1,0.1,,
10/13/21,10/12/21,9/30/21,44,9/24/21,4,11,1,0.1,,
10/13/21,10/12/21,9/30/21,45,9/24/21,4,12,1,0.1,,
10/21/21,10/12/21,9/30/21,46,9/24/21,4,13,1,0.1,,
10/21/21,10/12/21,9/30/21,47,9/24/21,4,14,1,0.1,,
10/21/21,10/12/21,9/30/21,48,9/24/21,4,16,1,0.1,,
10/21/21,10/12/21,10/5/21,49,9/24/21,4,23,1,0.1,,
10/21/21,10/12/21,10/5/21,50,9/24/21,4,24,1,0.1,,
10/21/21,10/12/21,10/12/21,51,9/24/21,4,25,1,0.1,,
10/21/21,10/12/21,10/5/21,52,9/24/21,4,26,1,0.1,,
10/21/21,10/12/21,10/5/21,53,9/24/21,4,27,1,0.1,,
10/21/21,10/12/21,10/5/21,54,9/24/21,4,28,1,0.1,,
10/21/21,10/12/21,10/5/21,55,9/24/21,4,29,1,0.1,,
10/21/21,10/12/21,10/5/21,56,9/24/21,4,30,1,0.1,,
10/21/21,10/20/21,10/13/21,74,9/24/21,5,18,1,0.1,,
10/21/21,10/20/21,10/13/21,75,9/24/21,5,19,1,0.1,,
10/21/21,10/20/21,10/13/21,76,9/24/21,5,20,1,0.1,,
10/21/21,10/20/21,10/13/21,77,9/24/21,5,22,1,0.1,,
10/21/21,10/20/21,10/13/21,78,9/24/21,5,23,1,0.1,,
10/21/21,10/20/21,10/13/21,79,9/24/21,5,24,1,0.1,,
10/21/21,10/20/21,10/13/21,80,9/24/21,5,25,1,0.1,,
10/21/21,10/20/21,10/13/21,81,9/24/21,5,26,1,0.1,,
10/21/21,10/20/21,10/14/21,82,9/24/21,5,27,1,0.1,,
10/21/21,10/20/21,10/14/21,83,9/24/21,5,28,1,0.1,,
10/21/21,10/20/21,10/14/21,84,9/24/21,5,29,1,0.1,,
10/21/21,10/20/21,10/14/21,85,9/24/21,5,30,1,0.1,,
10/21/21,10/20/21,10/14/21,86,9/24/21,5,31,1,0.1,,
10/21/21,10/20/21,10/14/21,87,9/24/21,5,32,1,0.1,,
10/21/21,10/20/21,10/14/21,88,9/24/21,5,33,1,0.1,,
10/21/21,10/20/21,10/14/21,89,9/24/21,5,34,1,0.1,,
10/21/21,10/20/21,10/14/21,90,9/24/21,5,35,1,0.1,,
11/2/21,10/20/21,10/14/21,91,9/24/21,5,36,1,0.1,,
11/2/21,10/20/21,10/14/21,92,9/24/21,5,37,1,0.1,,
11/2/21,10/20/21,10/14/21,93,9/24/21,5,38,1,0.1,,
10/26/21,10/26/21,10/25/21,94,9/24/21,4,31,1,0.1,,
10/26/21,10/26/21,10/25/21,95,9/24/21,4,32,1,0.1,,
10/26/21,10/26/21,10/25/21,96,9/24/21,4,33,1,0.1,,
10/26/21,10/26/21,10/25/21,97,9/24/21,4,34,1,0.1,,
10/26/21,10/26/21,10/25/21,98,9/24/21,4,35,1,0.1,,
10/26/21,10/26/21,10/25/21,99,9/24/21,4,36,1,0.1,,
10/26/21,10/26/21,10/25/21,100,9/24/21,4,37,1,0.1,,
10/26/21,10/26/21,10/25/21,101,9/24/21,4,38,1,0.1,,
10/26/21,10/26/21,10/25/21,102,9/24/21,4,39,1,0.1,,
10/26/21,10/26/21,10/25/21,103,9/24/21,4,40,1,0.1,,
10/26/21,10/26/21,10/25/21,104,9/24/21,4,41,1,0.1,,
10/26/21,10/26/21,10/25/21,105,9/24/21,5,2,1,0.1,,
11/2/21,10/28/21,,106,9/24/21,5,3,1,0.1,,
11/2/21,10/28/21,,107,9/24/21,5,4,1,0.1,,
11/2/21,10/28/21,,108,9/24/21,5,5,1,0.1,,
11/2/21,10/28/21,,109,9/24/21,5,6,1,0.1,,
11/2/21,10/28/21,,110,9/24/21,5,7,1,0.1,,
11/2/21,10/28/21,,111,9/24/21,5,8,1,0.1,,
11/2/21,10/28/21,,112,9/24/21,5,9,1,0.1,,
11/2/21,10/28/21,,113,9/24/21,5,10,1,0.1,,
11/2/21,10/28/21,,114,9/24/21,5,11,1,0.1,,
11/2/21,10/28/21,,115,9/24/21,5,12,1,0.1,,
11/2/21,10/28/21,,116,9/24/21,5,13,1,0.1,,
11/2/21,10/28/21,,117,9/24/21,5,14,1,0.1,,
11/2/21,11/1/21,,118,9/24/21,5,15,1,0.1,,
11/2/21,11/1/21,,119,9/24/21,5,16,1,0.1,,
11/2/21,11/1/21,,120,9/24/21,5,17,1,0.1,,
11/2/21,11/1/21,10/27/21,121,9/24/21,5,39,1,0.1,,
11/2/21,11/1/21,10/27/21,122,9/24/21,5,40,1,0.1,,
11/2/21,11/1/21,10/27/21,123,9/24/21,5,41,1,0.1,,
11/2/21,11/1/21,10/27/21,124,9/24/21,6,2,1,0.1,,
11/2/21,11/1/21,10/27/21,125,9/24/21,6,3,1,0.1,,
11/2/21,11/1/21,10/27/21,126,9/24/21,6,4,1,0.1,,
11/2/21,11/1/21,10/27/21,127,9/24/21,6,5,1,0.1,,
11/2/21,11/1/21,10/27/21,128,9/24/21,6,6,1,0.1,,
11/2/21,11/1/21,10/27/21,129,9/24/21,6,7,1,0.1,,
11/2/21,11/1/21,10/27/21,130,9/24/21,6,8,1,0.1,,
11/2/21,11/1/21,10/27/21,131,9/24/21,6,9,1,0.1,,
11/2/21,11/1/21,10/27/21,132,9/24/21,6,11,1,0.1,,
11/2/21,11/1/21,10/27/21,133,9/24/21,6,12,1,0.1,,
11/12/21,11/9/21,11/4/21,17,9/24/21,6,29,1,0.1,,
11/12/21,11/9/21,11/4/21,18,9/24/21,6,20,1,0.1,,
11/12/21,11/9/21,11/4/21,19,9/24/21,6,31,1,0.1,,
11/12/21,11/9/21,11/5/20,20,9/24/21,6,32,1,0.1,,
11/12/21,11/9/21,11/5/20,21,9/24/21,6,33,1,0.1,,
11/12/21,11/9/21,11/5/20,22,9/24/21,6,34,1,0.1,,
11/12/21,11/9/21,11/5/20,23,9/24/21,6,35,1,0.1,,
11/12/21,11/9/21,11/5/20,24,9/24/21,6,36,1,0.1,,
11/12/21,11/9/21,11/5/20,25,9/24/21,6,37,1,0.1,,
11/12/21,11/9/21,11/5/20,26,9/24/21,6,38,1,0.1,,
11/12/21,11/9/21,11/5/20,27,9/24/21,6,39,1,0.1,,
11/12/21,11/9/21,11/5/20,28,9/24/21,6,40,1,0.1,,
11/12/21,11/9/21,11/5/20,29,9/24/21,6,41,1,0.1,,
11/12/21,11/9/21,11/5/20,30,9/24/21,7,3,1,0.1,,
11/12/21,11/9/21,11/5/20,31,9/24/21,7,5,1,0.1,,
11/12/21,11/9/21,11/5/20,32,9/24/21,7,6,1,0.1,,
11/12/21,11/9/21,11/5/20,33,9/24/21,7,7,1,0.1,,
11/12/21,11/9/21,11/5/20,34,9/24/21,7,8,1,0.1,,
11/12/21,11/9/21,11/5/20,35,9/24/21,7,10,1,0.1,,
11/12/21,11/9/21,11/5/20,36,9/24/21,7,12,1,0.1,,
11/12/21,11/9/21,11/5/20,37,9/24/21,7,13,1,0.1,,
11/12/21,11/9/21,11/5/20,38,9/24/21,7,14,1,0.1,,
11/12/21,11/9/21,11/5/20,39,9/24/21,7,15,1,0.1,,
11/12/21,11/9/21,11/5/20,40,9/24/21,7,16,1,0.1,,
11/12/21,11/9/21,11/5/20,41,9/24/21,7,17,1,0.1,,
11/12/21,11/9/21,11/5/20,42,9/24/21,7,18,1,0.1,,
11/12/21,11/9/21,11/5/20,43,9/24/21,7,19,1,0.1,,
11/12/21,11/9/21,11/5/20,44,9/24/21,7,20,1,0.1,,
11/12/21,11/9/21,11/5/20,45,9/24/21,7,21,1,0.1,,
11/17/21,11/10/21,11/5/20,46,9/24/21,7,22,1,0.1,,
11/16/21,11/10/21,11/9/21,47,9/24/21,7,23,1,0.1,,
11/16/21,11/10/21,11/9/21,48,9/24/21,7,24,1,0.1,,
11/17/21,11/10/21,11/9/21,49,9/24/21,7,26,1,0.1,,
11/16/21,11/10/21,11/9/21,50,9/24/21,7,32,1,0.1,,
11/17/21,11/10/21,11/9/21,51,9/24/21,7,33,2,0.1,,
11/16/21,11/10/21,11/9/21,52,9/24/21,7,34,1,0.1,,
11/16/21,11/10/21,11/9/21,53,9/24/21,7,35,1,0.1,,
11/16/21,11/10/21,11/9/21,54,9/24/21,7,36,1,0.1,,
11/16/21,11/10/21,11/9/21,55,9/24/21,7,37,1,0.1,,
11/16/21,11/10/21,11/9/21,56,9/24/21,7,38,1,0.1,,
11/17/21,11/10/21,11/9/21,57,9/24/21,7,39,1,0.1,,
11/17/21,11/10/21,11/9/21,58,9/24/21,7,40,1,0.1,,
11/16/21,11/10/21,11/9/21,59,9/24/21,7,41,1,0.1,,
11/16/21,11/10/21,11/9/21,60,9/24/21,8,2,1,0.1,,
11/16/21,11/10/21,11/9/21,61,9/24/21,8,4,1,0.1,,
11/17/21,11/10/21,11/9/21,62,9/24/21,8,5,1,0.1,,
11/16/21,11/10/21,11/9/21,63,9/24/21,8,6,1,0.1,,
11/16/21,11/12/21,11/9/21,64,9/24/21,8,8,1,0.1,,
11/17/21,11/12/21,11/9/21,65,9/24/21,8,9,1,0.1,,
11/17/21,11/12/21,11/9/21,66,9/24/21,8,10,1,0.1,,
11/16/21,11/12/21,11/9/21,67,9/24/21,8,11,1,0.1,,
11/17/21,11/12/21,11/9/21,68,9/24/21,8,12,1,0.1,,
11/17/21,11/12/21,11/9/21,69,9/24/21,8,13,1,0.1,,
11/17/21,11/12/21,11/9/21,70,9/24/21,8,15,1,0.1,,
12/1/21,11/30/21,11/9/21,71,9/24/21,8,16,1,0.1,,
12/1/21,11/30/21,11/9/21,72,9/24/21,8,17,1,0.1,,
12/1/21,11/30/21,11/9/21,73,9/24/21,8,18,1,0.1,,
12/1/21,11/30/21,11/9/21,74,9/24/21,8,19,1,0.1,,
12/1/21,11/30/21,11/9/21,75,9/24/21,8,21,1,0.1,,
12/1/21,11/30/21,11/9/21,76,9/24/21,8,22,1,0.1,,
12/1/21,11/30/21,11/9/21,77,9/24/21,8,23,1,0.1,,
11/30/21,11/16/21,11/16/21,78,9/24/21,8,24,1,0.1,,used AW2 instead of AW1 in extract.
11/30/21,11/16/21,11/16/21,79,9/24/21,8,25,1,0.1,,used AW2 instead of AW1 in extract.
11/30/21,11/16/21,11/16/21,80,9/24/21,8,26,1,0.1,,used AW2 instead of AW1 in extract.
11/30/21,11/16/21,11/16/21,81,9/24/21,8,27,1,0.1,,used AW2 instead of AW1 in extract.
11/30/21,11/16/21,11/16/21,82,9/24/21,8,28,1,0.1,,used AW2 instead of AW1 in extract.
11/30/21,11/16/21,11/16/21,83,9/24/21,8,29,1,0.1,,used AW2 instead of AW1 in extract.
12/1/21,11/16/21,11/16/21,84,9/24/21,8,30,1,0.1,,used AW2 instead of AW1 in extract.
11/16/21,11/15/21,11/15/21,85,9/24/21,6,13,1,0.1,,
11/16/21,11/15/21,11/15/21,86,9/24/21,6,14,1,0.1,,
11/16/21,11/15/21,11/15/21,87,9/24/21,6,15,1,0.08,,
11/16/21,11/15/21,11/15/21,88,9/24/21,6,16,1,0.1,,
11/16/21,11/15/21,11/15/21,89,9/24/21,6,17,1,0.07,no more petiole,
11/16/21,11/15/21,11/15/21,90,9/24/21,6,18,1,0.1,,
11/16/21,11/15/21,11/15/21,91,9/24/21,6,19,1,0.1,,
11/16/21,11/15/21,11/15/21,92,9/24/21,6,20,1,0.1,,
11/16/21,11/15/21,11/15/21,93,9/24/21,6,21,1,0.1,,
11/16/21,11/15/21,11/15/21,94,9/24/21,6,22,1,0.1,,
11/16/21,11/15/21,11/15/21,95,9/24/21,6,23,1,0.1,,
11/16/21,11/15/21,11/15/21,96,9/24/21,6,24,1,0.1,,
11/16/21,11/15/21,11/15/21,97,9/24/21,6,25,1,0.1,,
11/17/21,11/15/21,11/15/21,98,9/24/21,6,26,1,0.05,,
11/17/21,11/15/21,11/15/21,99,9/24/21,6,27,1,0.03,,
11/16/21,11/15/21,11/15/21,100,9/24/21,6,28,1,0.1,,
11/30/21,11/16/21,11/16/21,101,9/24/21,8,32,1,0.1,,used AW2 instead of AW1 in extract.
11/30/21,11/16/21,11/16/21,102,9/24/21,8,33,1,0.1,,used AW2 instead of AW1 in extract.
11/30/21,11/16/21,11/16/21,103,9/24/21,8,34,1,0.1,,used AW2 instead of AW1 in extract.
11/30/21,11/16/21,11/16/21,104,9/24/21,8,35,1,0.1,,used AW2 instead of AW1 in extract.
11/30/21,11/16/21,11/16/21,105,9/24/21,8,36,1,0.1,,used AW2 instead of AW1 in extract.
11/30/21,11/16/21,11/16/21,106,9/24/21,8,37,1,0.1,,used AW2 instead of AW1 in extract.
11/30/21,11/16/21,11/16/21,107,9/24/21,8,38,1,0.1,,used AW2 instead of AW1 in extract.
12/1/21,11/16/21,11/16/21,108,9/24/21,8,39,1,0.1,,used AW2 instead of AW1 in extract.
11/30/21,11/16/21,11/16/21,109,9/24/21,8,40,1,0.1,,used AW2 instead of AW1 in extract.
11/30/21,11/18/21,11/16/21,110,9/24/21,8,41,1,0.1,,
11/30/21,11/18/21,11/16/21,111,9/24/21,9,2,1,0.1,,
12/1/21,11/18/21,11/16/21,112,9/24/21,9,4,1,0.1,,
11/30/21,11/18/21,11/16/21,113,9/24/21,9,6,1,0.1,,
11/30/21,11/18/21,11/16/21,114,9/24/21,9,7,1,0.1,,
11/30/21,11/18/21,11/16/21,115,9/24/21,9,8,1,0.1,,
11/30/21,11/18/21,11/16/21,116,9/24/21,9,9,1,0.1,,
,11/18/21,11/16/21,117,9/24/21,9,11,1,0.1,,
11/30/21,11/18/21,11/16/21,118,9/24/21,9,12,1,0.1,,
11/30/21,11/18/21,11/16/21,119,9/24/21,9,13,1,0.1,,
11/30/21,11/19/21,11/16/21,120,9/24/21,9,14,1,0.1,,
11/30/21,11/19/21,11/16/21,121,9/24/21,9,15,1,0.1,,
11/30/21,11/19/21,11/17/21,122,9/24/21,9,16,1,0.1,,
11/30/21,11/19/21,11/17/21,123,9/24/21,9,17,1,0.1,,
11/30/21,11/19/21,11/17/21,124,9/24/21,9,18,1,0.1,,
12/1/21,11/19/21,11/17/21,125,9/24/21,9,19,1,0.1,,
11/30/21,11/19/21,11/17/21,126,9/24/21,9,20,1,0.1,,
11/30/21,11/19/21,11/17/21,127,9/24/21,9,27,1,0.1,,
11/30/21,11/19/21,11/17/21,128,9/24/21,9,28,1,0.1,,
12/1/21,11/19/21,11/17/21,129,9/24/21,9,29,1,0.1,,
12/1/21,11/19/21,11/17/21,130,9/24/21,9,30,1,0.1,,
11/30/21,11/19/21,11/17/21,131,9/24/21,9,31,1,0.1,,
11/30/21,11/19/21,11/17/21,132,9/24/21,9,32,1,0.1,,
11/30/21,11/19/21,11/17/21,133,9/24/21,9,33,1,0.1,,
11/30/21,11/19/21,11/17/21,134,9/24/21,9,34,1,0.1,,
11/30/21,11/19/21,11/17/21,135,9/24/21,9,35,1,0.1,,
11/30/21,11/19/21,11/17/21,136,9/24/21,9,37,1,0.1,,
11/30/21,11/19/21,11/17/21,137,9/24/21,9,38,1,0.1,,
11/30/21,11/19/21,11/17/21,138,9/24/21,9,39,1,0.1,,
12/1/21,11/19/21,11/17/21,139,9/24/21,9,40,1,0.1,,
12/1/21,11/29/21,11/17/21,140,9/24/21,9,41,1,0.1,,
12/1/21,11/29/21,11/17/21,141,9/24/21,10,2,1,0.1,,
12/1/21,11/29/21,11/17/21,142,9/24/21,10,3,1,0.1,,
12/1/21,11/29/21,11/17/21,143,9/24/21,10,4,1,0.1,,
12/1/21,11/29/21,11/17/21,144,9/24/21,10,5,1,0.1,,
12/1/21,11/29/21,11/17/21,145,9/24/21,10,6,1,0.1,,
12/1/21,11/29/21,11/18/21,146,9/24/21,10,7,1,0.1,,
12/1/21,11/29/21,11/18/21,147,9/24/21,10,8,1,0.1,,
12/1/21,11/29/21,11/18/21,148,9/24/21,10,10,1,0.1,,
12/1/21,11/29/21,11/18/21,149,9/24/21,10,11,1,0.1,,
12/1/21,11/29/21,11/18/21,150,9/24/21,10,17,1,0.1,,
12/1/21,11/29/21,11/18/21,151,9/24/21,10,18,1,0.1,,
12/1/21,11/29/21,11/18/21,152,9/24/21,10,19,1,0.1,,
12/1/21,11/29/21,11/18/21,153,9/24/21,10,20,1,0.1,,
12/1/21,11/29/21,11/18/21,154,9/24/21,10,21,1,0.1,,
12/1/21,11/29/21,11/18/21,155,9/24/21,10,22,1,0.1,,
12/1/21,11/30/21,11/18/21,156,9/24/21,10,23,1,0.1,,
12/1/21,11/30/21,11/18/21,157,9/24/21,10,24,1,0.1,,
12/1/21,11/30/21,11/18/21,158,9/24/21,10,25,1,0.1,,
12/1/21,11/30/21,11/18/21,159,9/24/21,10,26,1,0.1,,
12/1/21,11/30/21,11/18/21,160,9/24/21,10,27,1,0.1,,
12/1/21,11/30/21,11/18/21,161,9/24/21,10,28,1,0.1,,
,11/30/21,11/18/21,162,9/24/21,10,29,1,0.1,,
12/1/21,11/30/21,11/18/21,163,9/24/21,10,30,1,0.1,,
12/1/21,11/30/21,11/18/21,164,9/24/21,10,31,1,0.1,,
12/1/21,11/30/21,11/18/21,165,9/24/21,10,32,1,0.1,,
12/1/21,11/30/21,11/18/21,166,9/24/21,10,33,1,0.1,,
12/1/21,11/30/21,11/18/21,167,9/24/21,10,34,1,0.1,,
12/1/21,11/30/21,11/18/21,168,9/24/21,10,35,1,0.1,,
12/1/21,11/30/21,11/18/21,169,9/24/21,10,36,1,0.1,,
12/21/21,12/6/21,12/2/21,170,9/24/21,10,37,1,0.1,,
12/21/21,12/6/21,12/2/21,171,9/24/21,10,38,1,0.1,,
12/21/21,12/6/21,12/2/21,172,9/24/21,10,39,1,0.1,,
12/21/21,12/6/21,12/2/21,173,9/24/21,10,40,1,0.1,,
12/21/21,12/6/21,12/2/21,174,9/24/21,10,41,1,0.1,,
12/21/21,12/6/21,12/2/21,175,9/24/21,11,2,1,0.1,,
12/21/21,12/6/21,12/2/21,176,9/24/21,11,3,1,0.1,,
12/21/21,12/6/21,12/2/21,177,9/24/21,11,4,1,0.1,,
12/21/21,12/6/21,12/2/21,178,9/24/21,11,5,1,0.1,,
12/21/21,12/6/21,12/2/21,179,9/24/21,11,6,1,0.1,,
12/21/21,12/6/21,12/2/21,180,9/24/21,11,7,1,0.1,,
12/21/21,12/6/21,12/2/21,181,9/24/21,11,8,1,0.1,,
12/21/21,12/6/21,12/2/21,182,9/24/21,11,9,1,0.1,,
12/21/21,12/6/21,12/2/21,183,9/24/21,11,10,1,0.1,,
12/21/21,12/6/21,12/2/21,184,9/24/21,11,11,1,0.1,,
12/21/21,12/6/21,12/2/21,185,9/24/21,11,12,1,0.1,,
12/21/21,12/7/21,12/2/21,186,9/24/21,11,13,1,0.1,,
12/21/21,12/7/21,12/2/21,187,9/24/21,11,14,1,0.1,,
12/21/21,12/7/21,12/2/21,188,9/24/21,11,15,1,0.1,,
12/21/21,12/7/21,12/2/21,189,9/24/21,11,16,1,0.1,,
12/21/21,12/7/21,12/2/21,190,9/24/21,11,17,1,0.1,,
12/21/21,12/7/21,12/2/21,191,9/24/21,11,18,1,0.1,,
12/21/21,12/7/21,12/2/21,192,9/24/21,11,19,1,0.1,,
12/21/21,12/7/21,12/2/21,193,9/24/21,11,20,1,0.1,,
12/21/21,12/7/21,12/2/21,194,9/24/21,11,21,1,0.1,,
12/21/21,12/7/21,12/2/21,195,9/24/21,11,22,1,0.1,,
12/21/21,12/7/21,12/2/21,196,9/24/21,11,23,1,0.1,,
12/21/21,12/7/21,12/2/21,197,9/24/21,11,24,1,0.1,,
12/21/21,12/7/21,12/2/21,198,9/24/21,11,25,1,0.1,,
12/21/21,12/7/21,12/2/21,199,9/24/21,11,26,1,0.1,,
12/21/21,12/7/21,12/2/21,200,9/24/21,11,27,1,0.1,,
12/21/21,12/7/21,12/2/21,201,9/24/21,11,28,1,0.1,,
12/21/21,12/7/21,12/2/21,202,9/24/21,11,29,1,0.1,,
12/21/21,12/7/21,12/2/21,203,9/24/21,11,30,1,0.1,,
12/21/21,12/7/21,12/2/21,204,9/24/21,11,31,1,0.1,,
12/21/21,12/7/21,12/2/21,205,9/24/21,11,32,1,0.1,,
12/21/21,12/7/21,12/2/21,206,9/24/21,11,33,1,0.1,,
12/21/21,12/7/21,12/2/21,207,9/24/21,11,34,1,0.1,,
12/21/21,12/7/21,12/2/21,208,9/24/21,11,35,1,0.1,,
12/21/21,12/7/21,12/2/21,209,9/24/21,11,36,1,0.1,,
12/21/21,12/7/21,12/2/21,210,9/24/21,11,37,1,0.1,,
12/21/21,12/7/21,12/2/21,211,9/24/21,11,38,1,0.1,,
12/21/21,12/7/21,12/2/21,212,9/24/21,11,39,1,0.1,,
12/21/21,12/7/21,12/2/21,213,9/24/21,11,40,1,0.1,,
12/21/21,12/7/21,12/2/21,214,9/24/21,11,41,1,0.1,,
2/1/22,12/7/21,12/2/21,215,9/24/21,12,2,1,0.1,,
2/1/22,12/7/21,12/2/21,216,9/24/21,12,3,1,0.1,,
2/1/22,12/7/21,12/2/21,217,9/24/21,12,4,1,0.1,,
2/1/22,12/8/21,12/2/21,218,9/24/21,12,5,1,0.1,,
2/1/22,12/8/21,12/2/21,219,9/24/21,12,6,1,0.1,,
2/1/22,12/8/21,12/2/21,220,9/24/21,12,7,1,0.1,,
2/1/22,12/8/21,12/7/21,221,9/24/21,12,8,1,0.1,,
2/1/22,12/8/21,12/7/21,222,9/24/21,12,9,1,0.1,,
2/1/22,12/8/21,12/7/21,223,9/24/21,12,10,1,0.1,,
2/1/22,12/8/21,12/7/21,224,9/24/21,12,11,1,0.1,,
2/1/22,12/8/21,12/7/21,225,9/24/21,12,12,1,0.1,,
2/1/22,12/8/21,12/7/21,226,9/24/21,12,13,1,0.1,,
2/1/22,12/8/21,12/7/21,227,9/24/21,12,14,1,0.1,,
2/1/22,12/8/21,12/7/21,228,9/24/21,12,15,1,0.1,,
2/1/22,12/8/21,12/7/21,229,9/24/21,12,16,1,0.1,,
2/1/22,12/8/21,12/7/21,230,9/24/21,12,17,1,0.1,,
2/1/22,12/8/21,12/7/21,231,9/24/21,12,19,1,0.1,,
2/1/22,12/8/21,12/7/21,232,9/24/21,12,20,1,0.1,,
2/1/22,12/8/21,12/7/21,233,9/24/21,12,21,1,0.1,,
2/1/22,12/8/21,12/7/21,234,9/24/21,12,22,1,0.1,,
2/1/22,12/8/21,12/7/21,235,9/24/21,12,23,1,0.1,,
2/1/22,12/8/21,12/7/21,236,9/24/21,12,24,1,0.1,,
2/1/22,12/8/21,12/7/21,237,9/24/21,12,25,1,0.1,,
2/1/22,12/8/21,12/7/21,238,9/24/21,12,26,1,0.1,,
2/1/22,1/31/22,1/31/22,1,9/24/21,9,11,1,0.1,,
2/1/22,1/31/22,1/31/22,2,9/24/21,10,29,1,0.1,,
2/11/22,2/7/22,2/1/22,3,9/24/21,12,27,1,0.1,,
2/11/22,2/7/22,2/1/22,4,9/24/21,12,28,1,0.1,,
2/11/22,2/7/22,2/1/22,5,9/24/21,12,29,1,0.1,,
2/11/22,2/7/22,2/1/22,6,9/24/21,12,30,1,0.1,,
2/11/22,2/7/22,2/1/22,7,9/24/21,12,31,1,0.1,,
2/11/22,2/7/22,2/1/22,8,9/24/21,12,32,1,0.1,,
2/11/22,2/7/22,2/1/22,9,9/24/21,12,33,1,0.1,,
2/11/22,2/7/22,2/1/22,10,9/24/21,12,35,1,0.1,,
2/11/22,2/7/22,2/1/22,11,9/24/21,12,36,1,0.1,,
2/11/22,2/7/22,2/1/22,12,9/24/21,12,37,1,0.1,,
2/11/22,2/7/22,2/3/22,13,9/24/21,12,38,1,0.1,,
2/11/22,2/7/22,2/3/22,14,9/24/21,12,39,1,0.1,,
2/11/22,2/7/22,2/3/22,15,9/24/21,12,40,1,0.1,,
2/11/22,2/7/22,2/3/22,16,9/24/21,12,41,1,0.1,,
2/11/22,2/7/22,2/3/22,17,9/24/21,13,7,1,0.1,,
2/11/22,2/7/22,2/3/22,18,9/24/21,13,8,1,0.1,,
2/11/22,2/8/22,2/3/22,19,9/24/21,13,9,1,0.1,,
2/11/22,2/8/22,2/3/22,20,9/24/21,13,10,1,0.1,,
2/11/22,2/8/22,2/3/22,21,9/24/21,13,11,1,0.1,,
2/11/22,2/8/22,2/3/22,22,9/24/21,13,12,1,0.1,,
2/11/22,2/8/22,2/3/22,23,9/24/21,13,13,1,0.1,,
2/11/22,2/8/22,2/3/22,24,9/24/21,13,14,1,0.1,,
2/11/22,2/8/22,2/3/22,25,9/24/21,13,15,1,0.1,,
2/11/22,2/8/22,2/3/22,26,9/24/21,13,16,1,0.1,,
2/11/22,2/8/22,2/3/22,27,9/24/21,13,17,1,0.1,,
2/11/22,2/8/22,2/3/22,28,9/24/21,13,18,1,0.1,,
2/11/22,2/8/22,2/3/22,29,9/24/21,13,22,1,0.1,,
2/11/22,2/8/22,2/3/22,30,9/24/21,13,23,1,0.1,,
2/11/22,2/10/21,2/3/22,31,9/24/21,13,24,1,0.1,,
2/11/22,2/10/21,2/3/22,32,9/24/21,13,26,1,0.1,,
2/11/22,2/10/21,2/3/22,33,9/24/21,13,27,1,0.1,,
2/11/22,2/10/21,2/3/22,34,9/24/21,13,28,1,0.1,,
2/11/22,2/10/21,2/3/22,35,9/24/21,13,29,1,0.1,,
2/11/22,2/10/21,2/3/22,36,9/24/21,13,30,1,0.1,,
2/11/22,2/10/21,2/3/22,37,9/24/21,13,31,1,0.1,,
2/11/22,2/10/21,2/3/22,38,9/24/21,13,32,1,0.1,,
2/11/22,2/10/21,2/3/22,39,9/24/21,13,33,1,0.1,,
2/11/22,2/10/21,2/3/22,40,9/24/21,13,34,1,0.1,,
2/11/22,2/10/21,2/3/22,41,9/24/21,13,35,1,0.1,,
2/11/22,2/10/21,2/3/22,42,9/24/21,13,36,1,0.1,,
2/11/22,2/10/21,2/3/22,43,9/24/21,13,37,1,0.1,,
2/11/22,2/10/21,2/3/22,44,9/24/21,13,38,1,0.1,,
2/11/22,2/10/21,2/8/22,45,9/24/21,13,29,1,0.1,,
2/11/22,2/10/21,2/8/22,46,9/24/21,13,39,1,0.1,,
2/15/22,2/10/21,2/8/22,47,9/24/21,13,40,1,0.1,,
2/15/22,2/10/21,2/8/22,48,9/24/21,13,41,1,0.1,,
2/15/22,2/10/21,2/8/22,49,9/24/21,14,7,1,0.1,,
2/15/22,2/10/21,2/8/22,50,9/24/21,14,8,1,0.1,,
2/15/22,2/10/21,2/8/22,51,9/24/21,14,9,1,0.1,,
2/15/22,2/10/21,2/8/22,52,9/24/21,14,10,1,0.1,,
2/15/22,2/10/21,2/8/22,53,9/24/21,14,11,1,0.1,,
2/15/22,2/10/21,2/8/22,54,9/24/21,14,12,1,0.1,,
2/15/22,2/10/21,2/8/22,55,9/24/21,14,13,1,0.1,,
2/15/22,2/10/21,2/8/22,56,9/24/21,14,14,1,0.1,,
2/15/22,2/10/21,2/8/22,57,9/24/21,14,15,1,0.1,,
2/15/22,2/10/21,2/8/22,58,9/24/21,14,16,1,0.1,,
2/15/22,2/10/21,2/8/22,59,9/24/21,14,17,1,0.1,,
2/15/22,2/10/21,2/8/22,60,9/24/21,14,18,1,0.1,,
2/15/22,2/10/21,2/8/22,61,9/24/21,14,19,1,0.1,,
2/15/22,2/10/21,2/8/22,62,9/24/21,14,20,1,0.1,,
2/22/22,2/18/22,2/17/22,63,9/24/21,14,21,1,0.1,,
2/22/22,2/18/22,2/17/22,64,9/24/21,14,22,1,0.1,,
2/22/22,2/18/22,2/17/22,65,9/24/21,14,23,1,0.1,,
2/22/22,2/18/22,2/17/22,66,9/24/21,14,24,1,0.1,,
2/22/22,2/18/22,2/17/22,67,9/24/21,14,25,1,0.25,,
2/22/22,2/18/22,2/17/22,68,9/24/21,14,26,1,0.86,,
2/22/22,2/18/22,2/17/22,69,9/24/21,14,27,1,0.1,,
2/22/22,2/18/22,2/17/22,70,9/24/21,14,28,1,0.1,,
2/22/22,2/18/22,2/17/22,71,9/24/21,14,29,1,0.1,,
2/22/22,2/18/22,2/17/22,72,9/24/21,14,30,1,0.1,,
2/22/22,2/18/22,2/17/22,73,9/24/21,14,31,1,0.1,,
2/22/22,2/18/22,2/17/22,74,9/24/21,14,32,1,0.1,,
2/22/22,2/18/22,2/17/22,75,9/24/21,14,33,1,0.1,,
2/22/22,2/18/22,2/17/22,76,9/24/21,14,34,1,0.1,,
2/22/22,2/18/22,2/17/22,77,9/24/21,14,35,1,0.1,,
2/22/22,2/18/22,2/17/22,78,9/24/21,14,37,1,0.1,,
2/22/22,2/18/22,2/17/22,79,9/24/21,14,38,1,0.1,,
2/22/22,2/18/22,2/17/22,80,9/24/21,14,39,1,0.1,,
2/22/22,2/18/22,2/17/22,81,9/24/21,14,40,1,0.1,,
2/22/22,2/18/22,2/17/22,82,9/24/21,15,3,1,0.1,,
2/22/22,2/18/22,2/17/22,83,9/24/21,15,4,1,0.1,,
2/22/22,2/18/22,2/17/22,84,9/24/21,15,5,1,0.78,,
2/22/22,2/18/22,2/17/22,85,9/24/21,15,6,1,0.1,,
2/22/22,2/18/22,2/17/22,86,9/24/21,15,7,1,0.1,,
2/28/22,2/24/22,2/14/22,88,9/24/21,15,9,1,0.1,Wrote 88 instead of 87 on tube,
2/28/22,2/24/22,2/14/22,89,9/24/21,15,10,1,0.1,,
2/28/22,2/24/22,2/14/22,90,9/24/21,15,11,1,0.1,,
2/28/22,2/24/22,2/14/22,91,9/24/21,15,12,1,0.1,,
2/28/22,2/24/22,2/14/22,92,9/24/21,15,13,1,0.1,,
2/28/22,2/24/22,2/14/22,93,9/24/21,15,14,1,0.1,,
2/28/22,2/24/22,2/14/22,94,9/24/21,15,15,1,0.1,,
2/28/22,2/24/22,2/14/22,95,9/24/21,15,16,1,0.1,,
2/28/22,2/24/22,2/14/22,96,9/24/21,15,17,1,0.1,,
2/28/22,2/24/22,2/14/22,97,9/24/21,15,18,1,0.1,,
2/28/22,2/24/22,2/14/22,98,9/24/21,15,19,1,0.1,,
2/28/22,2/24/22,2/14/22,99,9/24/21,15,20,1,0.1,,
2/28/22,2/24/22,2/14/22,100,9/24/21,15,21,1,0.1,,
2/28/22,2/24/22,2/14/22,101,9/24/21,15,22,1,0.1,,
2/28/22,2/24/22,2/15/22,102,9/24/21,15,23,1,0.1,,
2/28/22,2/24/22,2/15/22,103,9/24/21,15,24,1,0.1,,
2/28/22,2/25/22,2/15/22,104,9/24/21,15,25,1,0.1,,
2/28/22,2/25/22,2/15/22,105,9/24/21,15,26,1,0.1,,
2/28/22,2/25/22,2/15/22,106,9/24/21,15,27,1,0.1,,
2/28/22,2/25/22,2/15/22,107,9/24/21,15,28,1,0.1,,
2/28/22,2/25/22,2/15/22,108,9/24/21,15,29,1,0.1,,
2/28/22,2/25/22,2/15/22,109,9/24/21,15,30,1,0.1,,
2/28/22,2/25/22,2/15/22,110,9/24/21,15,31,1,0.1,,
2/28/22,2/25/22,2/15/22,111,9/24/21,15,33,1,0.1,,
2/28/22,2/25/22,2/15/22,112,9/24/21,15,34,1,0.1,,
2/28/22,2/25/22,2/15/22,113,9/24/21,15,35,1,0.1,,
2/28/22,2/25/22,2/15/22,114,9/24/21,15,36,1,0.1,,
2/28/22,2/25/22,2/15/22,115,9/24/21,16,3,1,0.1,,
2/28/22,2/25/22,2/15/22,116,9/24/21,16,4,1,0.1,,
2/28/22,2/25/22,2/15/22,117,9/24/21,16,6,1,0.1,,
2/28/22,2/25/22,2/15/22,118,9/24/21,16,12,1,0.1,,
2/28/22,2/25/22,2/15/22,119,9/24/21,16,13,1,0.1,,
2/28/22,2/25/22,2/15/22,120,9/24/21,16,14,1,0.1,,
2/28/22,2/25/22,2/15/22,121,9/24/21,16,16,1,0.1,,
2/28/22,2/25/22,2/15/22,122,9/24/21,16,17,1,0.1,,
2/28/22,2/25/22,2/15/22,123,9/24/21,16,18,1,0.1,,
2/28/22,2/25/22,2/15/22,124,9/24/21,16,19,1,0.1,,
2/28/22,2/25/22,2/15/22,125,9/24/21,16,20,1,0.1,,
3/1/22,2/28/22,2/28/22,126,9/24/21,16,21,1,0.1,,
3/1/22,2/28/22,2/28/22,127,9/24/21,16,22,1,0.1,,
3/1/22,2/28/22,2/28/22,128,9/24/21,16,23,1,0.1,,
3/1/22,2/28/22,2/28/22,129,9/24/21,16,24,1,0.1,,
3/1/22,2/28/22,2/28/22,130,9/24/21,16,25,1,0.1,,
3/1/22,2/28/22,2/28/22,131,9/24/21,16,26,1,0.1,,
3/1/22,2/28/22,2/28/22,132,9/24/21,16,27,1,0.1,,
3/1/22,2/28/22,2/28/22,133,9/24/21,16,28,1,0.1,,
3/1/22,2/28/22,2/28/22,134,9/24/21,16,29,1,0.1,,
3/1/22,2/28/22,2/28/22,135,9/24/21,16,30,1,0.1,,
3/1/22,2/28/22,2/28/22,136,9/24/21,16,31,1,0.1,,
3/1/22,2/28/22,2/28/22,137,9/24/21,16,32,1,0.1,,
3/1/22,2/28/22,2/28/22,138,9/24/21,16,33,1,0.1,,
3/1/22,2/28/22,2/28/22,139,9/24/21,16,34,1,0.1,,
3/1/22,2/28/22,2/28/22,140,9/24/21,16,35,1,0.1,,
,,3/1/22,1,6/7/21,2,22,1,0.1,,
,,3/1/22,2,6/7/21,2,23,1,0.1,,
3/15/22,3/7/22,3/1/22,3,6/7/21,2,24,1,0.1,,
3/15/22,3/7/22,3/1/22,4,6/7/21,3,17,1,0.1,,
,,3/1/22,5,6/7/21,3,18,1,0.1,,
3/15/22,3/7/22,3/1/22,6,6/7/21,3,19,1,0.1,,
3/15/22,3/7/22,3/1/22,7,6/7/21,3,20,1,0.1,,
3/15/22,3/7/22,3/1/22,8,6/7/21,4,13,1,0.1,,
3/15/22,3/7/22,3/1/22,9,6/7/21,4,14,1,0.1,,
3/15/22,3/7/22,3/1/22,10,6/7/21,4,16,1,0.1,,
3/15/22,3/7/22,3/1/22,11,6/7/21,4,23,1,0.1,,
,,3/1/22,12,6/7/21,4,24,1,0.1,,
3/15/22,3/7/22,3/1/22,13,6/7/21,4,25,1,0.1,,
3/15/22,3/7/22,3/1/22,14,6/7/21,4,28,1,0.1,,
,,3/1/22,15,6/7/21,4,29,1,0.1,,
3/15/22,3/7/22,3/1/22,16,6/7/21,4,31,1,0.1,,
3/15/22,3/7/22,3/3/22,17,6/7/21,6,2,1,0.1,,
3/15/22,3/7/22,3/3/22,18,6/7/21,7,8,1,0.1,,
3/15/22,3/7/22,3/3/22,19,6/7/21,7,34,1,0.1,,
3/15/22,3/7/22,3/3/22,20,6/7/21,7,36,1,0.1,,
3/15/22,3/7/22,3/3/22,21,6/7/21,8,17,1,0.1,,
3/15/22,3/8/22,3/3/22,22,6/7/21,8,18,1,0.1,,
3/15/22,3/8/22,3/3/22,23,6/7/21,8,19,1,0.1,,
3/15/22,3/8/22,3/3/22,24,6/7/21,8,21,1,0.1,,
3/15/22,3/8/22,3/3/22,25,6/7/21,8,28,1,0.1,,
3/15/22,3/8/22,3/3/22,26,6/7/21,8,32,1,0.1,,
3/15/22,3/8/22,3/3/22,27,6/7/21,8,34,1,0.1,,
3/15/22,3/8/22,3/3/22,28,6/7/21,8,35,1,0.1,,
3/15/22,3/8/22,3/3/22,29,6/7/21,8,36,1,0.41,,
3/15/22,3/14/22,3/10/22,30,6/7/21,9,2,1,0.1,,
3/15/22,3/14/22,3/10/22,31,6/7/21,9,6,1,0.1,,
3/15/22,3/14/22,3/10/22,32,6/7/21,9,27,1,0.1,,
3/15/22,3/14/22,3/10/22,33,6/7/21,9,30,1,0.1,,
3/15/22,3/14/22,3/10/22,34,6/7/21,10,24,1,0.1,,
3/15/22,3/14/22,3/10/22,35,6/7/21,10,26,1,0.1,,
3/15/22,3/14/22,3/10/22,36,6/7/21,10,37,1,0.1,,
3/15/22,3/14/22,3/10/22,37,6/7/21,11,2,1,0.1,,
3/15/22,3/14/22,3/10/22,38,6/7/21,11,4,1,0.1,,
3/15/22,3/14/22,3/10/22,39,6/7/21,11,5,1,0.1,,
3/15/22,3/14/22,3/10/22,40,6/7/21,11,6,1,0.1,,
3/15/22,3/14/22,3/10/22,41,6/7/21,12,7,1,0.1,,
3/15/22,3/14/22,3/10/22,42,6/7/21,12,8,1,0.1,,
3/15/22,3/14/22,3/10/22,43,6/7/21,12,9,1,0.1,,
3/15/22,3/14/22,3/10/22,44,6/7/21,12,10,1,0.1,,
3/15/22,3/14/22,3/10/22,45,6/7/21,12,11,1,0.1,,
3/15/22,3/14/22,3/10/22,46,6/7/21,12,12,1,0.55,,
3/15/22,3/14/22,3/10/22,47,6/7/21,12,16,1,0.1,,
3/15/22,3/14/22,3/10/22,48,6/7/21,13,39,1,0.1,,
3/15/22,3/14/22,3/10/22,49,6/7/21,13,40,1,0.1,,
3/15/22,3/14/22,3/10/22,50,6/7/21,13,41,1,0.1,,
4/1/22,3/14/22,3/10/22,51,6/7/21,14,8,1,0.1,,
4/1/22,3/14/22,3/10/22,52,6/7/21,14,11,1,0.1,,
4/1/22,3/29/22,3/28/22,1,9/24/21,2,24,2,0.1,,
4/1/22,3/29/22,3/28/22,2,9/24/21,3,17,2,0.1,,
4/1/22,3/29/22,3/28/22,3,9/24/21,3,19,2,0.1,,
4/1/22,3/29/22,3/28/22,4,9/24/21,3,20,2,0.1,,
4/1/22,3/29/22,3/28/22,5,9/24/21,4,13,2,0.1,,
4/1/22,3/29/22,3/28/22,6,9/24/21,4,14,2,0.1,,
4/1/22,3/29/22,3/28/22,7,9/24/21,4,16,2,0.1,,
4/1/22,3/29/22,3/28/22,8,9/24/21,4,23,2,0.1,,
4/1/22,3/29/22,3/28/22,9,9/24/21,4,28,2,0.1,,
4/1/22,3/29/22,3/28/22,10,9/24/21,4,30,2,0.1,,
4/1/22,3/29/22,3/28/22,11,9/24/21,4,31,2,0.1,,
4/1/22,3/29/22,3/28/22,12,9/24/21,6,2,2,0.1,,
4/1/22,3/29/22,3/28/22,13,9/24/21,7,8,2,0.1,,
4/1/22,3/29/22,3/28/22,14,9/24/21,7,34,2,0.1,,
4/1/22,3/29/22,3/28/22,15,9/24/21,7,36,2,0.1,,
4/1/22,3/29/22,3/28/22,16,9/24/21,8,17,2,0.1,,
4/1/22,3/29/22,3/28/22,17,9/24/21,8,18,2,0.1,,
4/1/22,3/29/22,3/28/22,18,9/24/21,8,19,2,0.1,,
4/1/22,3/29/22,3/28/22,19,9/24/21,8,21,2,0.1,,
4/1/22,3/29/22,3/28/22,20,9/24/21,8,28,2,0.1,,
4/14/22,4/5/22,4/1/22,21,9/24/21,8,32,2,0.1,,
4/14/22,4/5/22,4/1/22,22,9/24/21,8,34,2,0.1,,
4/14/22,4/5/22,4/1/22,23,9/24/21,8,35,2,0.1,,
4/14/22,4/5/22,4/1/22,24,9/24/21,8,36,2,0.1,,
4/14/22,4/5/22,4/1/22,25,9/24/21,9,2,2,0.1,,
4/14/22,4/5/22,4/1/22,26,9/24/21,9,6,2,0.1,,
4/14/22,4/5/22,4/1/22,27,9/24/21,9,27,2,0.1,,
4/14/22,4/5/22,4/1/22,28,9/24/21,9,30,2,0.1,,
4/14/22,4/5/22,4/1/22,29,9/24/21,10,23,2,0.1,,
4/14/22,4/5/22,4/1/22,30,9/24/21,10,24,2,0.1,,
4/14/22,4/5/22,4/1/22,31,9/24/21,10,26,2,0.1,,
4/14/22,4/5/22,4/1/22,32,9/24/21,10,37,2,0.1,,
4/14/22,4/5/22,4/4/22,33,9/24/21,11,2,2,0.1,,
4/14/22,4/5/22,4/4/22,34,9/24/21,11,4,2,0.1,,
4/14/22,4/5/22,4/4/22,35,9/24/21,11,5,2,0.1,,
4/14/22,4/5/22,4/4/22,36,9/24/21,11,6,2,0.1,,
4/14/22,4/6/22,4/4/22,37,9/24/21,12,7,2,0.1,,
4/14/22,4/6/22,4/4/22,38,9/24/21,12,8,2,0.1,,
4/14/22,4/6/22,4/4/22,39,9/24/21,12,9,2,0.1,,
4/14/22,4/6/22,4/4/22,40,9/24/21,12,10,2,0.1,,
4/14/22,4/6/22,4/4/22,41,9/24/21,12,11,2,0.1,,
4/14/22,4/6/22,4/4/22,42,9/24/21,12,12,2,0.1,,
4/14/22,4/6/22,4/4/22,43,9/24/21,12,16,2,0.1,,
4/14/22,4/6/22,4/4/22,44,9/24/21,13,39,2,0.1,,
4/14/22,4/6/22,4/4/22,45,9/24/21,13,40,2,0.1,,
4/14/22,4/6/22,4/4/22,46,9/24/21,13,41,2,0.1,,
4/14/22,4/6/22,4/4/22,47,9/24/21,14,8,2,0.1,,
4/14/22,4/6/22,4/4/22,48,9/24/21,14,11,2,0.1,,
4/14/22,4/11/22,4/8/22,49,9/24/21,15,33,2,0.1,,
4/14/22,4/11/22,4/8/22,50,9/24/21,15,36,2,0.1,,
4/14/22,4/11/22,4/8/22,51,9/24/21,16,14,2,0.1,,
4/14/22,4/11/22,4/8/22,52,9/24/21,16,16,2,0.1,,
5/9/22,5/6/22,5/3/22,53,9/24/21,8,6,2,0.1,,
5/9/22,5/6/22,5/3/22,54,9/24/21,3,23,2,0.1,,
5/9/22,5/6/22,5/3/22,55,9/24/21,15,21,2,0.1,,
5/9/22,5/6/22,5/3/22,56,9/24/21,3,2,2,0.1,,
5/9/22,5/6/22,5/3/22,57,9/24/21,13,9,2,0.1,,
5/9/22,5/6/22,5/3/22,58,9/24/21,7,26,2,0.1,,
5/9/22,5/6/22,5/3/22,59,9/24/21,5,13,2,0.1,,
5/9/22,5/6/22,5/3/22,60,9/24/21,13,11,2,0.1,,
5/9/22,5/6/22,5/3/22,61,9/24/21,10,8,2,0.1,,
5/9/22,5/6/22,5/3/22,62,9/24/21,15,24,2,0.1,,
5/9/22,5/6/22,5/3/22,63,9/24/21,6,20,2,0.1,,
5/9/22,5/6/22,5/3/22,64,9/24/21,6,17,2,0.1,,
5/9/22,5/6/22,5/3/22,65,9/24/21,9,33,2,0.1,,
5/9/22,5/6/22,5/3/22,66,9/24/21,8,22,2,0.1,,
5/9/22,5/6/22,5/3/22,67,9/24/21,8,15,2,0.1,,
5/9/22,5/6/22,5/3/22,68,9/24/21,14,21,2,0.1,,
5/9/22,5/6/22,5/3/22,69,9/24/21,14,14,2,0.1,,
5/9/22,5/6/22,5/3/22,70,9/24/21,13,29,2,0.1,,
5/9/22,5/6/22,5/3/22,71,9/24/21,13,27,2,0.1,,
5/9/22,5/6/22,5/3/22,72,9/24/21,14,15,2,0.1,,
5/9/22,5/6/22,5/3/22,73,9/24/21,16,3,2,0.1,,
5/9/22,5/6/22,5/3/22,74,9/24/21,7,37,2,0.1,,
5/9/22,5/6/22,5/3/22,75,9/24/21,13,35,2,0.1,,
5/9/22,5/6/22,5/3/22,76,9/24/21,3,10,2,0.1,,
5/24/22,5/23/22,5/23/22,1,9/24/21,9,14,2,0.1,,
5/24/22,5/23/22,5/23/22,2,9/24/21,3,30,2,0.1,,
5/24/22,5/23/22,5/23/22,3,9/24/21,3,15,2,0.1,,
5/24/22,5/23/22,5/23/22,4,9/24/21,16,34,2,0.1,,
5/24/22,5/23/22,5/23/22,5,9/24/21,13,15,2,0.1,,
5/24/22,5/23/22,5/23/22,6,9/24/21,12,24,2,0.1,,
5/24/22,5/23/22,5/23/22,7,9/24/21,10,34,2,0.1,,
5/24/22,5/23/22,5/23/22,8,9/24/21,3,24,2,0.1,,
5/24/22,5/23/22,5/23/22,9,9/24/21,3,11,2,0.1,,
5/24/22,5/23/22,5/23/22,10,9/24/21,15,14,2,0.1,,
5/24/22,5/23/22,5/23/22,11,9/24/21,12,23,2,0.1,,
5/24/22,5/23/22,5/23/22,12,9/24/21,6,37,2,0.1,,
5/24/22,5/23/22,5/23/22,13,9/24/21,10,32,2,0.1,,
5/24/22,5/23/22,5/23/22,14,9/24/21,15,16,2,0.1,,
5/24/22,5/23/22,5/23/22,15,9/24/21,9,18,2,0.1,,
5/24/22,5/23/22,5/23/22,16,9/24/21,5,40,2,0.1,,
6/20/22,6/3/22,6/3/22,17,6/1/22,2,24,1,0.1,,
6/20/22,6/3/22,6/3/22,18,6/1/22,3,2,1,0.1,,
6/20/22,6/3/22,6/3/22,19,6/1/22,3,8,1,0.1,,
6/20/22,6/3/22,6/3/22,20,6/1/22,3,10,1,0.1,,
6/20/22,6/3/22,6/3/22,21,6/1/22,3,11,1,0.1,,
6/20/22,6/3/22,6/3/22,22,6/1/22,3,12,1,0.1,,
6/20/22,6/3/22,6/3/22,23,6/1/22,3,15,1,0.1,,
6/20/22,6/3/22,6/3/22,24,6/1/22,3,17,1,0.1,,
6/20/22,6/3/22,6/3/22,25,6/1/22,3,19,1,0.1,,
6/20/22,6/3/22,6/3/22,26,6/1/22,3,20,1,0.1,,
6/20/22,6/3/22,6/3/22,27,6/1/22,3,23,1,0.1,,
6/20/22,6/3/22,6/3/22,28,6/1/22,3,24,1,0.1,,
6/20/22,6/3/22,6/3/22,29,6/1/22,3,25,1,0.1,,
6/20/22,6/3/22,6/3/22,30,6/1/22,3,30,1,0.1,,
6/20/22,6/3/22,6/3/22,31,6/1/22,4,4,1,0.1,,
6/20/22,6/3/22,6/3/22,32,6/1/22,4,5,1,0.1,,
6/20/22,6/6/22,6/6/22,33,6/1/22,4,8,1,0.1,,
6/20/22,6/6/22,6/6/22,34,6/1/22,4,9,1,0.1,,
6/20/22,6/6/22,6/6/22,35,6/1/22,4,13,1,0.1,,
6/20/22,6/6/22,6/6/22,36,6/1/22,4,14,1,0.1,,
6/20/22,6/6/22,6/6/22,37,6/1/22,4,16,1,0.1,,
6/20/22,6/6/22,6/6/22,38,6/1/22,4,23,1,0.1,,
6/20/22,6/6/22,6/6/22,39,6/1/22,4,25,1,0.1,,
6/20/22,6/6/22,6/6/22,40,6/1/22,4,28,1,0.1,,
6/20/22,6/6/22,6/6/22,41,6/1/22,4,31,1,0.1,,
6/20/22,6/6/22,6/6/22,42,6/1/22,4,32,1,0.1,,
6/20/22,6/6/22,6/6/22,43,6/1/22,4,39,1,0.1,,
6/20/22,6/6/22,6/6/22,44,6/1/22,5,4,1,0.1,,
6/20/22,6/6/22,6/6/22,45,6/1/22,5,6,1,0.1,,
6/20/22,6/6/22,6/6/22,46,6/1/22,5,7,1,0.1,,
6/20/22,6/6/22,6/6/22,47,6/1/22,5,8,1,0.1,,
6/20/22,6/6/22,6/6/22,48,6/1/22,5,11,1,0.1,,
6/20/22,6/7/22,6/7/22,49,6/1/22,5,13,1,0.1,,
6/20/22,6/7/22,6/7/22,50,6/1/22,5,23,1,0.1,,
6/20/22,6/7/22,6/7/22,51,6/1/22,5,33,1,0.1,,
6/20/22,6/7/22,6/7/22,52,6/1/22,5,37,1,0.1,,
6/20/22,6/7/22,6/7/22,53,6/1/22,5,40,1,0.1,,
6/20/22,6/7/22,6/7/22,54,6/1/22,6,2,1,0.1,,
6/20/22,6/7/22,6/7/22,55,6/1/22,6,7,1,0.1,,
6/20/22,6/7/22,6/7/22,56,6/1/22,6,8,1,0.1,,
6/20/22,6/7/22,6/7/22,57,6/1/22,6,9,1,0.1,,
6/20/22,6/7/22,6/7/22,58,6/1/22,6,11,1,0.1,,
6/20/22,6/7/22,6/7/22,59,6/1/22,6,17,1,0.1,,
6/20/22,6/7/22,6/7/22,60,6/1/22,6,20,1,0.1,,
6/20/22,6/7/22,6/7/22,61,6/1/22,6,27,1,0.1,,
6/23/22,6/7/22,6/7/22,62,6/1/22,6,37,1,0.1,,
6/23/22,6/7/22,6/7/22,63,6/1/22,7,8,1,0.1,,
6/23/22,6/7/22,6/7/22,64,6/1/22,7,15,1,0.1,,
6/23/22,6/13/22,6/8/22,65,6/1/22,7,16,1,0.1,,
6/23/22,6/13/22,6/8/22,66,6/1/22,7,26,1,0.1,,
6/23/22,6/13/22,6/8/22,67,6/1/22,7,34,1,0.1,,
6/23/22,6/13/22,6/8/22,68,6/1/22,7,36,1,0.1,,
6/23/22,6/13/22,6/8/22,69,6/1/22,7,37,1,0.1,,
6/23/22,6/13/22,6/8/22,70,6/1/22,7,41,1,0.1,,
6/23/22,6/13/22,6/8/22,71,6/1/22,8,2,1,0.1,,
6/23/22,6/13/22,6/8/22,72,6/1/22,8,6,1,0.1,,
6/23/22,6/13/22,6/8/22,73,6/1/22,8,12,1,0.1,,
6/23/22,6/13/22,6/8/22,74,6/1/22,8,16,1,0.1,,
6/23/22,6/13/22,6/8/22,75,6/1/22,8,17,1,0.1,,
6/23/22,6/13/22,6/8/22,76,6/1/22,8,18,1,0.1,,
6/23/22,6/13/22,6/8/22,77,6/1/22,8,19,1,0.1,,
6/23/22,6/13/22,6/8/22,78,6/1/22,8,21,1,0.1,,
6/23/22,6/13/22,6/8/22,79,6/1/22,8,22,1,0.1,,
6/23/22,6/13/22,6/8/22,80,6/1/22,8,24,1,0.1,,
6/23/22,6/14/22,6/8/22,81,6/1/22,8,25,1,0.1,,
6/23/22,6/14/22,6/8/22,82,6/1/22,8,28,1,0.1,,
6/23/22,6/14/22,6/8/22,83,6/1/22,8,32,1,0.1,,
6/23/22,6/14/22,6/8/22,84,6/1/22,8,34,1,0.1,,
6/23/22,6/14/22,6/8/22,85,6/1/22,8,35,1,0.1,,
6/23/22,6/14/22,6/8/22,86,6/1/22,8,36,1,0.1,,
6/23/22,6/14/22,6/8/22,87,6/1/22,8,41,1,0.1,,
6/23/22,6/14/22,6/8/22,88,6/1/22,9,2,1,0.1,,
6/23/22,6/14/22,6/8/22,89,6/1/22,9,6,1,0.1,,
6/23/22,6/14/22,6/8/22,90,6/1/22,9,7,1,0.1,,
6/23/22,6/14/22,6/8/22,91,6/1/22,9,9,1,0.1,,
6/23/22,6/14/22,6/8/22,92,6/1/22,9,12,1,0.1,,
6/23/22,6/14/22,6/8/22,93,6/1/22,9,13,1,0.1,,
6/23/22,6/14/22,6/8/22,94,6/1/22,9,14,1,0.1,,
6/23/22,6/14/22,6/8/22,95,6/1/22,9,18,1,0.1,,
6/23/22,6/14/22,6/8/22,96,6/1/22,9,27,1,0.1,,
6/23/22,6/15/22,6/8/22,97,6/1/22,9,30,1,0.1,,
6/23/22,6/15/22,6/8/22,98,6/1/22,9,32,1,0.1,,
6/23/22,6/15/22,6/8/22,99,6/1/22,9,33,1,0.1,,
6/23/22,6/15/22,6/8/22,100,6/1/22,9,34,1,0.1,,
6/23/22,6/15/22,6/8/22,101,6/1/22,9,35,1,0.1,,
6/23/22,6/15/22,6/8/22,102,6/1/22,10,2,1,0.1,,
6/23/22,6/15/22,6/8/22,103,6/1/22,10,7,1,0.1,,
6/23/22,6/15/22,6/8/22,104,6/1/22,10,8,1,0.1,,
6/23/22,6/15/22,6/8/22,105,6/1/22,10,11,1,0.1,,
6/23/22,6/15/22,6/8/22,106,6/1/22,10,19,1,0.1,,
6/24/22,6/15/22,6/8/22,107,6/1/22,10,23,1,0.1,,
6/24/22,6/15/22,6/8/22,108,6/1/22,10,24,1,0.1,,
6/24/22,6/15/22,6/8/22,109,6/1/22,10,26,1,0.1,,
6/24/22,6/15/22,6/8/22,110,6/1/22,10,27,1,0.1,,
6/24/22,6/15/22,6/8/22,111,6/1/22,10,28,1,0.1,,
6/24/22,6/15/22,6/8/22,112,6/1/22,10,32,1,0.1,,
,,6/13/22,113,6/1/22,10,33,1,0.1,MISSING,
,,6/13/22,114,6/1/22,10,34,1,0.1,MISSING,
,,6/13/22,115,6/1/22,10,37,1,0.1,MISSING,
,,6/13/22,116,6/1/22,11,2,1,0.1,MISSING,
,,6/13/22,117,6/1/22,11,4,1,0.1,MISSING,
,,6/13/22,118,6/1/22,11,5,1,0.1,MISSING,
,,6/13/22,119,6/1/22,11,6,1,0.1,MISSING,
,,6/13/22,120,6/1/22,11,8,1,0.1,MISSING,
,,6/13/22,121,6/1/22,11,17,1,0.1,MISSING,
,,6/13/22,122,6/1/22,11,21,1,0.1,MISSING,
,,6/13/22,123,6/1/22,11,27,1,0.1,MISSING,
,,6/13/22,124,6/1/22,11,28,1,0.1,MISSING,
,,6/13/22,125,6/1/22,11,32,1,0.1,MISSING,
,,6/13/22,126,6/1/22,12,3,1,0.1,MISSING,
,,6/13/22,127,6/1/22,12,6,1,0.1,MISSING,
,,6/13/22,128,6/1/22,12,7,1,0.1,MISSING,
6/24/22,6/21/22,6/15/22,129,6/1/22,12,8,1,0.1,,
6/24/22,6/21/22,6/15/22,130,6/1/22,12,9,1,0.1,,
6/24/22,6/21/22,6/15/22,131,6/1/22,12,10,1,0.1,,
6/24/22,6/21/22,6/15/22,132,6/1/22,12,11,1,0.1,,
6/24/22,6/21/22,6/15/22,133,6/1/22,12,12,1,0.1,,
6/24/22,6/21/22,6/15/22,134,6/1/22,12,16,1,0.1,,
6/24/22,6/21/22,6/15/22,135,6/1/22,12,23,1,0.1,,
6/24/22,6/21/22,6/15/22,136,6/1/22,12,24,1,0.1,,
6/24/22,6/21/22,6/15/22,137,6/1/22,12,29,1,0.1,,
6/24/22,6/21/22,6/15/22,138,6/1/22,13,7,1,0.1,,
6/24/22,6/21/22,6/15/22,139,6/1/22,13,8,1,0.1,,
6/24/22,6/21/22,6/15/22,140,6/1/22,13,9,1,0.1,,
6/24/22,6/21/22,6/15/22,141,6/1/22,13,10,1,0.1,,
6/24/22,6/21/22,6/15/22,142,6/1/22,13,11,1,0.1,,
6/24/22,6/21/22,6/15/22,143,6/1/22,13,15,1,0.1,,
6/24/22,6/21/22,6/15/22,144,6/1/22,13,16,1,0.1,,
6/24/22,6/22/22,6/15/22,145,6/1/22,13,22,1,0.1,,
6/24/22,6/22/22,6/15/22,146,6/1/22,13,26,1,0.1,,
6/24/22,6/22/22,6/15/22,147,6/1/22,13,27,1,0.1,,
6/24/22,6/22/22,6/15/22,148,6/1/22,13,29,1,0.1,,
6/24/22,6/22/22,6/15/22,149,6/1/22,13,30,1,0.1,,
6/24/22,6/22/22,6/15/22,150,6/1/22,13,31,1,0.1,,
6/24/22,6/22/22,6/15/22,151,6/1/22,13,35,1,0.1,,
6/24/22,6/22/22,6/15/22,152,6/1/22,13,39,1,0.1,,
6/24/22,6/22/22,6/16/22,153,6/1/22,13,40,1,0.1,,
6/24/22,6/22/22,6/16/22,154,6/1/22,13,41,1,0.1,,
6/24/22,6/22/22,6/16/22,155,6/1/22,14,8,1,0.1,,
6/24/22,6/22/22,6/16/22,156,6/1/22,14,11,1,0.1,,
6/24/22,6/22/22,6/16/22,157,6/1/22,14,12,1,0.1,,
6/24/22,6/22/22,6/16/22,158,6/1/22,14,14,1,0.1,,
6/24/22,6/22/22,6/16/22,159,6/1/22,14,15,1,0.1,,
6/24/22,6/22/22,6/16/22,160,6/1/22,14,16,1,0.1,,
7/8/22,7/5/22,6/16/22,161,6/1/22,14,21,1,0.1,,
7/8/22,7/5/22,6/16/22,162,6/1/22,14,30,1,0.1,,
7/8/22,7/5/22,6/16/22,163,6/1/22,14,32,1,0.1,,
7/8/22,7/5/22,6/16/22,164,6/1/22,14,40,1,0.1,,
7/8/22,7/5/22,6/16/22,165,6/1/22,15,3,1,0.1,,
7/8/22,7/5/22,6/16/22,166,6/1/22,15,12,1,0.1,,
7/8/22,7/5/22,6/16/22,167,6/1/22,15,14,1,0.1,,
7/8/22,7/1/22,6/16/22,168,6/1/22,15,15,1,0.1,,
7/8/22,7/1/22,6/17/22,169,6/1/22,15,16,1,0.1,,
7/8/22,7/1/22,6/17/22,170,6/1/22,15,19,1,0.1,,
7/8/22,7/1/22,6/17/22,171,6/1/22,15,21,1,0.1,,
7/8/22,7/1/22,6/17/22,172,6/1/22,15,24,1,0.1,,
7/8/22,7/1/22,6/17/22,173,6/1/22,15,28,1,0.1,,
7/8/22,7/1/22,6/17/22,174,6/1/22,15,33,1,0.1,,
7/8/22,7/1/22,6/17/22,175,6/1/22,15,36,1,0.1,,
7/8/22,7/1/22,6/17/22,176,6/1/22,16,3,1,0.1,,
7/8/22,7/1/22,6/17/22,177,6/1/22,16,4,1,0.1,,
7/8/22,7/1/22,6/17/22,178,6/1/22,16,6,1,0.1,,
7/8/22,7/1/22,6/17/22,179,6/1/22,16,14,1,0.1,,
7/8/22,7/1/22,6/17/22,180,6/1/22,16,16,1,0.1,,
7/8/22,7/1/22,6/17/22,181,6/1/22,16,28,1,0.1,,
7/8/22,7/1/22,6/17/22,182,6/1/22,16,29,1,0.1,,
7/8/22,7/1/22,6/17/22,183,6/1/22,16,30,1,0.1,,
7/8/22,7/1/22,6/17/22,184,6/1/22,16,34,1,0.1,,
7/8/22,7/1/22,6/17/22,185,6/1/22,16,37,1,0.1,,
7/13/22,7/8/22,7/8/22,1,7/7/22,2,24,1,0.1,,
7/13/22,7/8/22,7/8/22,2,7/7/22,3,2,1,0.1,,
7/13/22,7/8/22,7/8/22,3,7/7/22,3,8,1,0.1,,
7/13/22,7/8/22,7/8/22,4,7/7/22,3,10,1,0.1,,
7/13/22,7/8/22,7/8/22,5,7/7/22,3,11,1,0.1,,
7/13/22,7/8/22,7/8/22,6,7/7/22,3,12,1,0.1,,
7/13/22,7/8/22,7/8/22,7,7/7/22,3,15,1,0.1,,
7/13/22,7/8/22,7/8/22,8,7/7/22,3,17,1,0.1,,
7/13/22,7/8/22,7/8/22,9,7/7/22,3,19,1,0.1,,
7/13/22,7/8/22,7/8/22,10,7/7/22,3,20,1,0.1,,
7/13/22,7/8/22,7/8/22,11,7/7/22,3,23,1,0.1,,
7/13/22,7/8/22,7/8/22,12,7/7/22,3,24,1,0.1,,
7/13/22,7/8/22,7/8/22,13,7/7/22,3,25,1,0.09,,
7/13/22,7/8/22,7/8/22,14,7/7/22,3,30,1,0.09,,
7/13/22,7/8/22,7/8/22,15,7/7/22,4,4,1,0.1,,
7/13/22,7/8/22,7/8/22,16,7/7/22,4,5,1,0.1,,
7/13/22,7/8/22,7/8/22,17,7/7/22,4,8,1,0.1,,
7/13/22,7/8/22,7/8/22,18,7/7/22,4,9,1,0.1,,
7/13/22,7/8/22,7/8/22,19,7/7/22,4,13,1,0.1,,
7/13/22,7/8/22,7/8/22,20,7/7/22,4,14,1,0.1,,
7/13/22,7/8/22,7/8/22,21,7/7/22,4,16,1,0.1,,
7/13/22,7/8/22,7/8/22,22,7/7/22,4,23,1,0.1,,
7/13/22,7/8/22,7/8/22,23,7/7/22,4,25,1,0.1,,
7/13/22,7/8/22,7/8/22,24,7/7/22,4,28,1,0.1,,
7/13/22,7/11/22,7/8/22,25,7/7/22,4,31,1,0.1,,
7/13/22,7/11/22,7/8/22,26,7/7/22,4,32,1,0.1,,
7/13/22,7/11/22,7/8/22,27,7/7/22,4,39,1,0.1,,
7/13/22,7/11/22,7/8/22,28,7/7/22,5,4,1,0.1,,
7/13/22,7/11/22,7/11/22,29,7/7/22,5,6,1,0.1,,
7/13/22,7/11/22,7/11/22,30,7/7/22,5,7,1,0.1,,
7/13/22,7/11/22,7/11/22,31,7/7/22,5,8,1,0.1,,
7/13/22,7/11/22,7/11/22,32,7/7/22,5,11,1,0.1,,
7/13/22,7/11/22,7/11/22,33,7/7/22,5,23,1,0.1,,
7/13/22,7/11/22,7/11/22,34,7/7/22,5,33,1,0.1,,
7/13/22,7/11/22,7/11/22,35,7/7/22,5,37,1,0.1,,
7/13/22,7/11/22,7/11/22,36,7/7/22,5,40,1,0.1,,
7/13/22,7/11/22,7/11/22,37,7/7/22,6,2,1,0.1,,
7/20/22,7/19/22,7/19/22,38,7/18/22,6,7,1,0.1,,
7/20/22,7/19/22,7/19/22,39,7/18/22,6,8,1,0.1,,
7/13/22,7/11/22,7/11/22,40,7/7/22,6,9,1,0.1,,
7/20/22,7/19/22,7/19/22,41,7/18/22,6,11,1,0.1,,
7/13/22,7/11/22,7/11/22,42,7/7/22,6,17,1,0.1,,
7/13/22,7/11/22,7/11/22,43,7/7/22,6,20,1,0.1,,
7/13/22,7/11/22,7/11/22,44,7/7/22,6,27,1,0.1,,
7/20/22,7/19/22,7/19/22,45,7/18/22,6,37,1,0.1,,
7/14/22,7/11/22,7/11/22,46,7/7/22,7,8,1,0.1,,
7/14/22,7/11/22,7/11/22,47,7/7/22,7,15,1,0.1,,
7/14/22,7/11/22,7/11/22,48,7/7/22,7,16,1,0.1,,
7/14/22,7/11/22,7/11/22,49,7/7/22,7,26,1,0.1,,
7/14/22,7/11/22,7/11/22,50,7/7/22,7,34,1,0.1,,
7/14/22,7/11/22,7/11/22,51,7/7/22,7,36,1,0.1,,
7/14/22,7/11/22,7/11/22,52,7/7/22,7,37,1,0.1,,
7/14/22,7/11/22,7/11/22,53,7/7/22,7,41,1,0.1,,
7/14/22,7/11/22,7/11/22,54,7/7/22,8,2,1,0.1,,
7/14/22,7/11/22,7/11/22,55,7/7/22,8,6,1,0.1,,
7/14/22,7/11/22,7/11/22,56,7/7/22,8,12,1,0.1,,
7/14/22,7/12/22,7/11/22,57,7/7/22,8,16,1,0.1,,
7/14/22,7/12/22,7/11/22,58,7/7/22,8,17,1,0.1,,
7/14/22,7/12/22,7/11/22,59,7/7/22,8,18,1,0.1,,
7/14/22,7/12/22,7/11/22,60,7/7/22,8,19,1,0.1,,
7/14/22,7/12/22,7/11/22,61,7/7/22,8,21,1,0.1,,
7/14/22,7/12/22,7/11/22,62,7/7/22,8,22,1,0.1,,
7/14/22,7/12/22,7/11/22,63,7/7/22,8,24,1,0.1,,
7/14/22,7/12/22,7/11/22,64,7/7/22,8,25,1,0.1,,
7/14/22,7/12/22,7/11/22,65,7/7/22,8,28,1,0.1,,
7/14/22,7/12/22,7/11/22,66,7/7/22,8,32,1,0.1,,
7/14/22,7/12/22,7/11/22,67,7/7/22,8,35,1,0.1,,
7/14/22,7/12/22,7/11/22,68,7/7/22,8,36,1,0.1,,
7/14/22,7/12/22,7/11/22,69,7/7/22,8,41,1,0.1,,
7/14/22,7/12/22,7/11/22,70,7/7/22,9,2,1,0.1,,
7/14/22,7/12/22,7/11/22,71,7/7/22,9,7,1,0.1,,
7/20/22,7/12/22,7/11/22,72,7/7/22,9,9,1,0.1,,
7/14/22,7/12/22,7/11/22,73,7/7/22,9,12,1,0.1,,
7/14/22,7/12/22,7/11/22,74,7/7/22,9,13,1,0.1,,
7/14/22,7/12/22,7/11/22,75,7/7/22,9,14,1,0.1,,
7/14/22,7/12/22,7/11/22,76,7/7/22,9,18,1,0.1,,
7/14/22,7/12/22,7/12/22,77,7/7/22,9,27,1,0.1,,
7/14/22,7/12/22,7/12/22,78,7/7/22,9,30,1,0.1,,
7/14/22,7/12/22,7/12/22,79,7/7/22,9,32,1,0.1,,
7/14/22,7/12/22,7/12/22,80,7/7/22,9,33,1,0.1,,
7/20/22,7/19/22,7/19/22,81,7/7/22,9,34,1,0.1,,
7/20/22,7/19/22,7/19/22,82,7/7/22,9,35,1,0.1,,
7/20/22,7/19/22,7/19/22,83,7/7/22,10,2,1,0.1,,
7/20/22,7/19/22,7/19/22,84,7/18/22,10,7,1,0.1,,
7/20/22,7/19/22,7/19/22,85,7/18/22,10,8,1,0.1,,
7/20/22,7/19/22,7/19/22,86,7/7/22,10,11,1,0.1,,
7/20/22,7/19/22,7/19/22,87,7/7/22,10,19,1,0.1,,
7/20/22,7/19/22,7/19/22,88,7/7/22,10,23,1,0.1,,
7/14/22,7/13/22,7/12/22,89,7/7/22,10,24,1,0.1,,
7/14/22,7/13/22,7/12/22,90,7/7/22,10,26,1,0.1,,
7/15/22,7/13/22,7/12/22,91,7/7/22,10,27,1,0.1,,
7/15/22,7/13/22,7/12/22,92,7/7/22,10,28,1,0.1,,
7/15/22,7/13/22,7/12/22,93,7/7/22,10,32,1,0.1,,
7/15/22,7/13/22,7/12/22,94,7/7/22,10,33,1,0.1,,
7/15/22,7/13/22,7/12/22,95,7/7/22,10,34,1,0.1,,
7/15/22,7/13/22,7/12/22,96,7/7/22,10,37,1,0.1,,
7/15/22,7/13/22,7/12/22,97,7/7/22,11,2,1,0.1,,
7/15/22,7/13/22,7/12/22,98,7/7/22,11,4,1,0.1,,
7/15/22,7/13/22,7/12/22,99,7/7/22,11,5,1,0.1,,
7/15/22,7/13/22,7/12/22,100,7/7/22,11,6,1,0.1,,
7/15/22,7/13/22,7/12/22,101,7/7/22,11,8,1,0.1,,
7/15/22,7/13/22,7/12/22,102,7/7/22,11,17,1,0.1,,
7/20/22,7/13/22,7/12/22,103,7/7/22,11,21,1,0.1,,
7/15/22,7/13/22,7/12/22,104,7/7/22,11,27,1,0.1,,
7/20/22,7/13/22,7/12/22,105,7/7/22,11,28,1,0.1,,
7/15/22,7/13/22,7/12/22,106,7/7/22,11,32,1,0.1,,
7/15/22,7/13/22,7/12/22,107,7/7/22,12,3,1,0.1,,
7/15/22,7/13/22,7/12/22,108,7/7/22,12,6,1,0.1,,
7/15/22,7/13/22,7/12/22,109,7/7/22,12,7,1,0.1,,
7/15/22,7/13/22,7/12/22,110,7/7/22,12,8,1,0.1,,
7/15/22,7/13/22,7/12/22,111,7/7/22,12,9,1,0.1,,
7/15/22,7/13/22,7/12/22,112,7/7/22,12,10,1,0.1,,
7/15/22,7/15/22,7/12/22,113,7/7/22,12,11,1,0.1,,
7/15/22,7/15/22,7/12/22,114,7/7/22,12,12,1,0.1,,
7/15/22,7/15/22,7/12/22,115,7/7/22,12,16,1,0.1,,
7/15/22,7/15/22,7/12/22,116,7/7/22,12,23,1,0.1,,
7/15/22,7/15/22,7/12/22,117,7/7/22,12,24,1,0.1,,
7/15/22,7/15/22,7/12/22,118,7/7/22,12,29,1,0.1,,
7/15/22,7/15/22,7/12/22,119,7/7/22,13,7,1,0.1,,
7/20/22,7/15/22,7/12/22,120,7/7/22,13,8,1,0.1,,
7/15/22,7/15/22,7/12/22,121,7/7/22,13,9,1,0.1,,
7/15/22,7/15/22,7/12/22,122,7/7/22,13,10,1,0.1,,
7/15/22,7/15/22,7/12/22,123,7/7/22,13,11,1,0.1,,
7/15/22,7/15/22,7/12/22,124,7/7/22,13,15,1,0.1,,
7/20/22,7/15/22,7/12/22,125,7/7/22,13,16,1,0.1,,
7/15/22,7/15/22,7/12/22,126,7/7/22,13,22,1,0.1,,
7/15/22,7/15/22,7/12/22,127,7/7/22,13,26,1,0.1,,
7/15/22,7/15/22,7/12/22,128,7/7/22,13,27,1,0.1,,
7/15/22,7/15/22,7/12/22,129,7/7/22,13,29,1,0.1,,
7/15/22,7/15/22,7/12/22,130,7/7/22,13,30,1,"0,1",,
7/15/22,7/15/22,7/12/22,131,7/7/22,13,32,1,0.1,,
7/15/22,7/15/22,7/12/22,132,7/7/22,13,35,1,0.1,,
7/15/22,7/15/22,7/14/22,133,7/7/22,13,39,1,0.1,,
7/15/22,7/15/22,7/14/22,134,7/7/22,13,40,1,0.1,,
7/15/22,7/15/22,7/14/22,135,7/7/22,13,41,1,0.1,,
7/20/22,7/15/22,7/14/22,136,7/7/22,14,8,1,0.1,,
7/20/22,7/15/22,7/14/22,137,7/7/22,14,11,1,0.1,,
7/20/22,7/15/22,7/14/22,138,7/7/22,14,12,1,0.1,,
7/20/22,7/15/22,7/14/22,139,7/7/22,14,14,1,0.1,,
7/20/22,7/15/22,7/14/22,140,7/7/22,14,15,1,0.1,,
7/20/22,7/15/22,7/14/22,141,7/7/22,14,16,1,0.1,,
7/20/22,7/15/22,7/14/22,142,7/7/22,14,21,1,0.1,,
7/20/22,7/15/22,7/14/22,143,7/7/22,14,30,1,0.1,,
7/20/22,7/15/22,7/14/22,144,7/7/22,14,32,1,0.1,,
7/20/22,7/18/22,7/14/22,145,7/7/22,14,40,1,0.1,,
7/20/22,7/19/22,7/19/22,146,7/18/22,15,3,1,0.1,,
7/20/22,7/18/22,7/14/22,147,7/7/22,15,12,1,0.1,,
7/20/22,7/18/22,7/14/22,148,7/7/22,15,14,1,0.1,,
7/20/22,7/18/22,7/14/22,149,7/7/22,15,15,1,0.1,,
7/20/22,7/18/22,7/14/22,150,7/7/22,15,16,1,0.1,,
7/20/22,7/18/22,7/14/22,151,7/7/22,15,19,1,0.1,,
7/20/22,7/18/22,7/14/22,152,7/7/22,15,21,1,0.1,,
7/20/22,7/19/22,7/19/22,153,7/18/22,15,24,1,0.1,,
7/20/22,7/18/22,7/14/22,154,7/7/22,15,28,1,0.1,,
7/20/22,7/18/22,7/14/22,155,7/7/22,15,33,1,0.1,,
7/20/22,7/18/22,7/14/22,156,7/7/22,15,36,1,0.1,,
7/20/22,7/18/22,7/14/22,157,7/7/22,16,3,1,0.1,,
7/20/22,7/18/22,7/14/22,158,7/7/22,16,4,1,0.1,,
7/20/22,7/18/22,7/14/22,159,7/7/22,16,6,1,0.1,,
7/20/22,7/18/22,7/14/22,160,7/7/22,16,14,1,0.1,,
7/20/22,7/18/22,7/14/22,161,7/7/22,16,16,1,0.1,,
7/20/22,7/18/22,7/14/22,162,7/7/22,16,28,1,0.1,,
7/20/22,7/18/22,7/14/22,163,7/7/22,16,29,1,0.1,,
7/20/22,7/18/22,7/14/22,164,7/7/22,16,30,1,0.1,,
7/20/22,7/18/22,7/14/22,165,7/7/22,16,34,1,0.1,,
7/20/22,7/19/22,7/14/22,166,7/7/22,16,37,1,0.1,,
,7/19/22,7/19/22,167,7/18/22,6,17,1,0.1,,
,7/19/22,7/19/22,168,7/18/22,6,20,1,0.1,,
,7/19/22,7/19/22,169,7/18/22,6,9,1,0.1,,
,7/19/22,7/19/22,170,7/18/22,6,27,1,0.1,,
,7/19/22,7/19/22,171,7/18/22,7,15,1,0.1,,
,7/19/22,7/19/22,172,7/18/22,7,16,1,0.1,,
,7/19/22,7/19/22,173,7/18/22,7,37,1,0.1,,
,7/19/22,7/19/22,174,7/18/22,8,2,1,0.1,,
,7/19/22,7/19/22,175,7/18/22,8,12,1,0.1,,
,7/19/22,7/19/22,176,7/18/22,8,6,1,0.1,,
,7/19/22,7/19/22,177,7/18/22,8,16,1,0.1,,
,7/19/22,7/19/22,178,7/18/22,8,19,1,0.1,,
,7/19/22,7/19/22,179,7/18/22,9,7,1,0.1,,
,7/19/22,7/19/22,180,7/18/22,9,12,1,0.1,,
,7/19/22,7/19/22,181,7/18/22,9,13,1,0.1,,
,7/19/22,7/19/22,182,7/18/22,9,14,1,0.1,,
,7/20/22,7/19/22,183,7/18/22,5,8,1,0.1,,
,7/20/22,7/19/22,184,7/18/22,5,7,1,0.1,,
,7/20/22,7/19/22,185,7/18/22,4,4,1,0.1,,
,7/20/22,7/19/22,186,7/18/22,3,30,1,0.1,,
,7/20/22,7/19/22,187,7/18/22,3,25,1,0.1,,
,7/20/22,7/19/22,188,7/18/22,3,24,1,0.1,,
,7/20/22,7/19/22,189,7/18/22,3,23,1,0.1,,
,7/20/22,7/19/22,190,7/18/22,3,11,1,0.1,,
,7/20/22,7/19/22,191,7/18/22,10,28,1,0.1,,
,7/20/22,7/19/22,192,7/18/22,11,8,1,0.1,,
,7/20/22,7/19/22,193,7/18/22,11,17,1,0.1,,
,7/20/22,7/19/22,194,7/18/22,11,21,1,0.1,,
,7/20/22,7/19/22,195,7/18/22,12,6,1,0.1,,
,7/20/22,7/19/22,196,7/18/22,12,9,1,0.1,,
,7/20/22,7/19/22,197,7/18/22,12,16,1,0.1,,
,7/20/22,7/19/22,198,7/18/22,12,10,1,0.1,,
7/20/22,7/20/22,7/20/22,199,7/7/22,2,22,2,0.1,,
7/20/22,7/20/22,7/20/22,200,7/7/22,2,23,2,0.1,,
7/20/22,7/20/22,7/20/22,201,7/7/22,2,24,2,0.1,,
7/20/22,7/20/22,7/20/22,202,7/7/22,3,17,2,0.1,,
7/20/22,7/20/22,7/20/22,203,7/7/22,3,18,2,0.1,,
7/20/22,7/20/22,7/20/22,204,7/7/22,3,19,2,0.1,,
7/20/22,7/20/22,7/20/22,205,7/7/22,3,20,2,0.1,,
7/20/22,7/20/22,7/20/22,206,7/7/22,4,13,2,0.1,,
7/20/22,7/20/22,7/20/22,207,7/7/22,4,14,2,0.1,,
7/20/22,7/20/22,7/20/22,208,7/7/22,4,16,2,0.1,,
7/20/22,7/20/22,7/20/22,209,7/7/22,4,23,2,0.1,,
7/20/22,7/20/22,7/20/22,210,7/7/22,4,24,2,0.1,,
7/20/22,7/20/22,7/20/22,211,7/7/22,4,25,2,0.1,,
7/20/22,7/20/22,7/20/22,212,7/7/22,4,28,2,0.1,,
7/20/22,7/20/22,7/20/22,213,7/7/22,4,29,2,0.1,,
7/20/22,7/20/22,7/20/22,214,7/7/22,4,31,2,0.1,,
7/20/22,7/20/22,7/20/22,215,7/7/22,6,2,2,0.1,,
7/20/22,7/20/22,7/20/22,216,7/7/22,6,4,2,0.1,,
7/20/22,7/20/22,7/20/22,217,7/7/22,7,8,2,0.1,,
7/20/22,7/20/22,7/20/22,218,7/7/22,7,10,2,0.1,,
7/20/22,7/20/22,7/20/22,219,7/7/22,7,32,2,0.1,,
7/20/22,7/20/22,7/20/22,220,7/7/22,7,33,2,0.1,,
7/20/22,,7/20/22,221,7/7/22,7,34,2,0.1,,
7/20/22,,7/20/22,222,7/7/22,7,35,2,0.1,,
7/22/22,7/22/22,7/22/22,223,7/7/22,2,22,1,0.1,,
7/22/22,7/22/22,7/22/22,224,7/7/22,2,23,1,0.1,,
7/22/22,7/22/22,7/22/22,225,7/7/22,3,18,1,0.1,,
7/22/22,7/22/22,7/22/22,226,7/7/22,4,24,1,0.1,,
7/22/22,7/22/22,7/22/22,227,7/7/22,4,29,1,0.1,,
7/22/22,7/22/22,7/22/22,228,7/7/22,6,4,1,0.1,,
7/22/22,7/22/22,7/22/22,229,7/7/22,7,10,1,0.1,,
7/22/22,7/22/22,7/22/22,230,7/7/22,7,32,1,0.1,,
7/22/22,7/22/22,7/22/22,231,7/7/22,7,33,1,0.1,,
7/22/22,7/22/22,7/22/22,232,7/7/22,7,35,1,0.1,,
7/22/22,7/22/22,7/22/22,233,7/7/22,8,30,1,0.1,,
7/22/22,7/22/22,7/22/22,234,7/7/22,9,4,1,0.1,,
7/22/22,7/22/22,7/22/22,235,7/7/22,9,28,1,0.1,,
7/22/22,7/22/22,7/22/22,236,7/7/22,10,39,1,0.1,,
7/22/22,7/22/22,7/22/22,237,7/7/22,10,40,1,0.1,,
7/22/22,7/22/22,7/22/22,238,7/7/22,10,41,1,0.1,,
7/22/22,7/22/22,7/22/22,239,7/7/22,11,3,1,0.1,,
7/22/22,7/22/22,7/22/22,240,7/7/22,12,15,1,0.1,,
7/22/22,7/22/22,7/22/22,241,7/7/22,13,38,1,0.1,,
7/22/22,7/21/22,7/20/22,1,7/7/22,4,14,2,0.1,,
7/22/22,7/21/22,7/20/22,2,7/7/22,4,16,2,0.1,,
7/22/22,7/21/22,7/20/22,3,7/7/22,4,25,2,0.1,,
7/22/22,7/21/22,7/20/22,4,7/7/22,4,28,2,0.1,,
7/22/22,7/21/22,7/20/22,5,7/7/22,7,8,2,0.1,,
7/22/22,7/21/22,7/20/22,6,7/7/22,7,34,2,0.1,,
7/22/22,7/21/22,7/20/22,7,7/7/22,7,36,2,0.1,,
7/22/22,7/21/22,7/20/22,8,7/7/22,8,17,2,0.1,,
7/22/22,7/21/22,7/20/22,9,7/7/22,13,40,2,0.1,,
7/22/22,7/21/22,7/20/22,10,7/7/22,4,14,3,0.1,,
7/22/22,7/21/22,7/20/22,11,7/7/22,4,16,3,0.1,,
7/22/22,7/21/22,7/20/22,12,7/7/22,4,25,3,0.1,,
7/22/22,7/21/22,7/20/22,13,7/7/22,4,28,3,0.1,,
7/22/22,7/21/22,7/20/22,14,7/7/22,7,8,3,0.1,,
7/22/22,7/21/22,7/20/22,15,7/7/22,7,34,3,0.1,,
7/22/22,7/21/22,7/20/22,16,7/7/22,7,36,3,0.1,,
7/22/22,7/21/22,7/20/22,17,7/7/22,8,17,3,0.1,,
7/22/22,7/21/22,7/20/22,18,7/7/22,13,40,3,0.1,,
7/22/22,7/21/22,7/20/22,19,7/7/22,4,14,4,0.1,,
7/22/22,7/21/22,7/20/22,20,7/7/22,4,16,4,0.1,,
7/22/22,7/21/22,7/20/22,21,7/7/22,4,28,4,0.1,,
7/22/22,7/21/22,7/20/22,22,7/7/22,7,8,4,0.1,,
7/22/22,7/21/22,7/20/22,23,7/7/22,7,34,4,0.1,,
7/22/22,7/21/22,7/20/22,24,7/7/22,7,36,4,0.1,,
-,7/25/22,7/20/22,25,7/7/22,8,17,4,0.1,,
-,7/25/22,7/20/22,26,7/7/22,13,40,4,0.1,,
1/30/23,9/26/22,9/19/22,1,9/12/22,2,22,1,0.1,,
1/30/23,9/26/22,9/19/22,2,9/12/22,2,23,1,0.1,,
1/30/23,9/26/22,9/19/22,3,9/12/22,2,24,1,0.1,,
1/30/23,9/26/22,9/19/22,4,9/12/22,2,25,1,0.1,,
1/30/23,9/26/22,9/19/22,5,9/12/22,3,2,1,0.1,,
1/30/23,9/26/22,9/19/22,6,9/12/22,3,3,1,0.1,,
1/30/23,9/26/22,9/19/22,7,9/12/22,3,4,1,0.1,,
1/30/23,9/26/22,9/19/22,8,9/12/22,3,5,1,0.1,,
1/30/23,9/26/22,9/19/22,9,9/12/22,3,6,1,0.1,,
1/30/23,9/26/22,9/19/22,10,9/12/22,3,7,1,0.1,,
1/30/23,9/26/22,9/19/22,11,9/12/22,3,8,1,0.1,,
1/30/23,9/26/22,9/19/22,12,9/12/22,3,9,1,0.1,,
1/30/23,9/26/22,9/19/22,13,9/12/22,3,10,1,0.1,,
1/30/23,9/26/22,9/19/22,14,9/12/22,3,11,1,0.1,,
1/30/23,9/26/22,9/19/22,15,9/12/22,3,12,1,0.1,,
1/30/23,9/26/22,9/19/22,16,9/12/22,3,13,1,0.1,,
1/30/23,9/29/22,9/19/22,17,9/12/22,3,14,1,0.1,,
1/30/23,9/29/22,9/19/22,18,9/12/22,3,15,1,0.1,,
1/30/23,9/29/22,9/19/22,19,9/12/22,3,16,1,0.1,,
1/30/23,9/29/22,9/19/22,20,9/12/22,3,17,1,0.1,,
1/30/23,9/29/22,9/19/22,21,9/12/22,3,18,1,0.1,,
1/30/23,9/29/22,9/19/22,22,9/12/22,3,19,1,0.1,,
1/30/23,9/29/22,9/19/22,23,9/12/22,3,20,1,0.1,,
1/30/23,9/29/22,9/19/22,24,9/12/22,3,21,1,0.1,,
1/30/23,9/29/22,9/19/22,25,9/12/22,3,22,1,0.1,,
1/30/23,9/29/22,9/19/22,26,9/12/22,3,23,1,0.1,,
1/30/23,9/29/22,9/19/22,27,9/12/22,3,24,1,0.1,,
1/30/23,9/29/22,9/19/22,28,9/12/22,3,25,1,0.1,,
1/30/23,9/29/22,9/19/22,29,9/12/22,3,26,1,0.1,,
1/30/23,9/29/22,9/19/22,30,9/12/22,3,27,1,0.1,,
,,,31,9/12/22,3,28,1,0,,
1/30/23,9/29/22,9/19/22,32,9/12/22,3,29,1,0.1,,
1/30/23,9/29/22,9/21/22,33,9/12/22,3,30,1,0.1,,
1/30/23,9/29/22,9/21/22,34,9/12/22,3,31,1,0.1,,
1/30/23,9/29/22,9/21/22,35,9/12/22,4,2,1,0.1,,
1/30/23,9/29/22,9/21/22,36,9/12/22,4,3,1,0.1,,
1/30/23,9/29/22,9/21/22,37,9/12/22,4,4,1,0.1,,
1/30/23,9/29/22,9/21/22,38,9/12/22,4,5,1,0.1,,
1/30/23,10/5/22,10/3/22,39,9/12/22,4,6,1,0.1,,
1/30/23,10/5/22,10/3/22,40,9/12/22,4,7,1,0.1,,
1/30/23,10/5/22,10/3/22,41,9/12/22,4,8,1,0.1,,
1/30/23,10/5/22,10/3/22,42,9/12/22,4,9,1,0.1,,
1/30/23,10/5/22,10/3/22,43,9/12/22,4,10,1,0.1,,
1/30/23,10/5/22,10/3/22,44,9/12/22,4,11,1,0.1,,
1/30/23,10/5/22,10/3/22,45,9/12/22,4,12,1,0.1,,
11/2/22,10/5/22,10/3/22,46,9/12/22,4,13,1,0.1,,
11/2/22,10/5/22,10/4/22,47,9/12/22,4,14,1,0.1,,
11/2/22,10/5/22,10/4/22,48,9/12/22,4,16,1,0.1,,
11/2/22,10/5/22,10/4/22,49,9/12/22,4,22,1,0.1,,
11/2/22,10/5/22,10/4/22,50,9/12/22,4,23,1,0.1,,
11/2/22,10/5/22,10/4/22,51,9/12/22,4,24,1,0.1,,
11/2/22,10/5/22,10/4/22,52,9/12/22,4,25,1,0.1,,
11/2/22,10/5/22,10/4/22,53,9/12/22,4,26,1,0.1,,
11/2/22,10/5/22,10/4/22,54,9/12/22,4,27,1,0.1,,
11/2/22,10/5/22,10/4/22,55,9/12/22,4,28,1,0.1,,
11/2/22,10/5/22,10/4/22,56,9/12/22,4,29,1,0.1,,
11/2/22,10/5/22,10/4/22,57,9/12/22,4,30,1,0.1,,
11/2/22,10/5/22,10/4/22,58,9/12/22,4,31,1,0.1,,
11/2/22,10/5/22,10/4/22,59,9/12/22,4,32,1,0.1,,
11/2/22,10/5/22,10/4/22,60,9/12/22,4,33,1,0.1,,
11/2/22,10/5/22,10/4/22,61,9/12/22,4,34,1,0.1,,
11/2/22,10/5/22,10/4/22,62,9/12/22,4,35,1,0.1,,
11/2/22,10/11/22,10/4/22,63,9/12/22,4,36,1,0.1,,
11/2/22,10/11/22,10/4/22,64,9/12/22,4,37,1,0.1,,
11/2/22,10/11/22,10/4/22,65,9/12/22,4,38,1,0.1,,
11/2/22,10/11/22,10/4/22,66,9/12/22,4,39,1,0.1,,
11/2/22,10/11/22,10/4/22,67,9/12/22,4,40,1,0.1,,
11/2/22,10/11/22,10/4/22,68,9/12/22,4,41,1,0.1,,
11/2/22,10/11/22,10/4/22,69,9/12/22,5,2,1,0.1,,
11/2/22,10/11/22,10/4/22,70,9/12/22,5,3,1,0.1,,
11/2/22,10/11/22,10/4/22,71,9/12/22,5,4,1,0.1,,
11/2/22,10/11/22,10/4/22,72,9/12/22,5,5,1,0.1,,
11/2/22,10/11/22,10/4/22,73,9/12/22,5,6,1,0.1,,
11/2/22,10/11/22,10/4/22,74,9/12/22,5,7,1,0.1,,
11/2/22,10/11/22,10/4/22,75,9/12/22,5,8,1,0.1,,
11/2/22,10/11/22,10/4/22,76,9/12/22,5,9,1,0.1,,
11/2/22,10/11/22,10/4/22,77,9/12/22,5,10,1,0.1,,
11/2/22,10/11/22,10/4/22,78,9/12/22,5,11,1,0.1,,
11/2/22,10/26/22,10/12/22,79,9/12/22,5,12,1,0.1,,
11/2/22,10/26/22,10/12/22,80,9/12/22,5,13,1,0.1,,
11/2/22,10/26/22,10/12/22,81,9/12/22,5,14,1,0.1,,
11/2/22,10/26/22,10/12/22,82,9/12/22,5,15,1,0.1,,
11/2/22,10/26/22,10/12/22,83,9/12/22,5,16,1,0.1,,
11/2/22,10/26/22,10/12/22,84,9/12/22,5,17,1,0.1,,
11/2/22,10/26/22,10/12/22,85,9/12/22,5,18,1,0.1,,
11/2/22,10/26/22,10/12/22,86,9/12/22,5,19,1,0.1,,
11/2/22,10/26/22,10/12/22,87,9/12/22,5,20,1,0.1,,
11/2/22,10/26/22,10/12/22,88,9/12/22,5,22,1,0.1,,
11/2/22,10/26/22,10/12/22,89,9/12/22,5,23,1,0.1,,
11/2/22,10/26/22,10/12/22,90,9/12/22,5,24,1,0.1,,
11/2/22,10/26/22,10/12/22,91,9/12/22,5,25,1,0.1,,
11/7/22,10/26/22,10/12/22,92,9/12/22,5,26,1,0.1,,
11/7/22,10/26/22,10/12/22,93,9/12/22,5,27,1,0.1,,
11/7/22,10/26/22,10/12/22,94,9/12/22,5,28,1,0.1,,
11/7/22,10/28/22,10/18/22,95,9/12/22,5,29,1,0.1,,
11/7/22,10/28/22,10/18/22,96,9/12/22,5,30,1,0.1,,
11/7/22,10/28/22,10/18/22,97,9/12/22,5,31,1,0.1,,
11/7/22,10/28/22,10/18/22,98,9/12/22,5,32,1,0.1,,
11/7/22,10/28/22,10/18/22,99,9/12/22,5,33,1,0.1,,
11/7/22,10/28/22,10/18/22,100,9/12/22,5,34,1,0.1,,
11/7/22,10/28/22,10/18/22,101,9/12/22,5,35,1,0.1,,
1/30/23,11/28/22,11/15/22,102,9/12/22,5,36,1,0.1,,
1/30/23,11/28/22,11/15/22,103,9/12/22,5,37,1,0.1,,
11/7/22,10/28/22,10/18/22,104,9/12/22,5,38,1,0.1,,
11/7/22,10/28/22,10/18/22,105,9/12/22,5,39,1,0.1,,
11/7/22,10/28/22,10/18/22,106,9/12/22,5,40,1,0.1,,
11/7/22,10/31/22,10/18/22,107,9/12/22,5,41,1,0.1,,
11/7/22,10/31/22,10/18/22,108,9/12/22,6,2,1,0.1,,
11/7/22,10/31/22,10/18/22,109,9/12/22,6,3,1,0.1,,
11/7/22,10/31/22,10/18/22,110,9/12/22,6,4,1,0.1,,
11/7/22,10/31/22,10/18/22,111,9/12/22,6,5,1,0.1,,
11/7/22,10/31/22,10/18/22,112,9/12/22,6,6,1,0.1,,
11/7/22,10/31/22,10/18/22,113,9/12/22,6,7,1,0.1,,
11/7/22,10/31/22,10/18/22,114,9/12/22,6,8,1,0.1,,
11/7/22,10/31/22,10/18/22,115,9/12/22,6,9,1,0.1,,
11/7/22,10/31/22,10/18/22,116,9/12/22,6,11,1,0.1,,
11/7/22,10/31/22,10/18/22,117,9/12/22,6,12,1,0.1,,
11/7/22,10/31/22,10/18/22,118,9/12/22,6,13,1,0.1,,
11/7/22,10/31/22,10/18/22,119,9/12/22,6,14,1,0.1,,
11/7/22,10/31/22,10/18/22,120,9/12/22,6,15,1,0.1,,
11/7/22,10/31/22,10/18/22,121,9/12/22,6,16,1,0.1,,
11/7/22,10/31/22,10/18/22,122,9/12/22,6,17,1,0.1,,
11/7/22,10/31/22,10/18/22,123,9/12/22,6,18,1,0.1,,
1/30/23,11/28/22,11/15/22,124,9/12/22,7,20,1,0.1,,
1/30/23,11/28/22,11/15/22,125,9/12/22,7,21,1,0.1,,
1/30/23,11/28/22,11/15/22,126,9/12/22,7,22,1,0.067,,
1/30/23,11/28/22,11/15/22,127,9/12/22,7,23,1,0.1,,
1/30/23,11/28/22,11/15/22,128,9/12/22,7,24,1,0.1,,
1/30/23,11/28/22,11/15/22,129,9/12/22,7,26,1,0.012,,
1/30/23,11/28/22,11/15/22,130,9/12/22,7,32,1,0.1,,
1/30/23,11/28/22,11/15/22,131,9/12/22,7,33,1,0.1,,
1/30/23,11/28/22,11/15/22,132,9/12/22,7,34,1,0.1,,
1/30/23,11/28/22,11/15/22,133,9/12/22,7,35,1,0.1,,
1/30/23,11/28/22,11/15/22,134,9/12/22,7,36,1,0.1,,
1/30/23,11/28/22,11/15/22,135,9/12/22,7,37,1,0.1,,
1/30/23,11/28/22,11/15/22,136,9/12/22,7,38,1,0.1,,
1/30/23,11/28/22,11/15/22,137,9/12/22,7,39,1,0.1,,
1/30/23,11/28/22,11/15/22,138,9/12/22,7,40,1,0.1,,
1/30/23,11/28/22,11/15/22,139,9/12/22,7,41,1,0.1,,
11/11/22,11/9/22,11/2/22,140,9/12/22,8,2,1,0.1,,
11/11/22,11/9/22,11/2/22,141,9/12/22,8,4,1,0.1,,
11/11/22,11/9/22,11/2/22,142,9/12/22,8,5,1,0.1,,
11/11/22,11/9/22,11/2/22,143,9/12/22,8,6,1,0.1,,
11/11/22,11/9/22,11/2/22,144,9/12/22,8,7,1,0.1,,
11/11/22,11/9/22,11/2/22,145,9/12/22,8,8,1,0.1,,
11/11/22,11/9/22,11/2/22,146,9/12/22,8,9,1,0.1,,
11/11/22,11/9/22,11/2/22,147,9/12/22,8,10,1,0.1,,
11/11/22,11/9/22,11/2/22,148,9/12/22,8,11,1,0.1,,
11/11/22,11/9/22,11/2/22,149,9/12/22,8,12,1,0.1,,
11/11/22,11/9/22,11/2/22,150,9/12/22,8,13,1,0.1,,
11/11/22,11/9/22,11/2/22,151,9/12/22,8,15,1,0.1,,
11/11/22,11/9/22,11/2/22,152,9/12/22,8,16,1,0.1,,
11/11/22,11/9/22,11/2/22,153,9/12/22,8,17,1,0.1,,
11/11/22,11/9/22,11/2/22,154,9/12/22,8,18,1,0.1,,
11/11/22,11/9/22,11/2/22,155,9/12/22,8,19,1,0.1,,
1/30/23,11/30/22,11/2/22,156,9/12/22,8,21,1,0.1,,
1/30/23,11/30/22,11/2/22,157,9/12/22,8,22,1,0.1,,
1/30/23,11/30/22,11/2/22,158,9/12/22,8,23,1,0.1,,
1/30/23,11/30/22,11/2/22,159,9/12/22,8,24,1,0.1,,
1/30/23,11/30/22,11/2/22,160,9/12/22,8,25,1,0.1,,
1/30/23,11/30/22,11/2/22,161,9/12/22,8,26,1,0.1,,
1/30/23,11/30/22,11/2/22,162,9/12/22,8,27,1,0.1,,
1/30/23,11/30/22,11/2/22,163,9/12/22,8,28,1,0.1,,
1/30/23,11/30/22,11/2/22,164,9/12/22,8,29,1,0.1,,
1/30/23,11/30/22,11/2/22,165,9/12/22,8,30,1,0.1,,
1/30/23,11/30/22,11/2/22,166,9/12/22,8,32,1,0.1,,
1/30/23,11/30/22,11/2/22,167,9/12/22,8,33,1,0.1,,
1/30/23,11/30/22,11/2/22,168,9/12/22,8,34,1,0.1,,
1/30/23,11/30/22,11/2/22,169,9/12/22,8,35,1,0.1,,
1/30/23,11/30/22,11/2/22,170,9/12/22,8,36,1,0.1,,
1/30/23,11/30/22,11/2/22,171,9/12/22,8,37,1,0.1,,
,,11/2/22,172,9/12/22,8,38,1,0.1,,
,,11/2/22,173,9/12/22,8,39,1,0.1,,
,,11/2/22,174,9/12/22,8,40,1,0.1,,
,,11/2/22,175,9/12/22,8,42,1,0.1,,
,,11/2/22,176,9/12/22,9,2,1,0.1,,
,,11/2/22,177,9/12/22,9,4,1,0.1,,
,,11/2/22,178,9/12/22,9,6,1,0.1,,
,,11/2/22,179,9/12/22,9,7,1,0.1,,
,,11/7/22,180,9/12/22,9,8,1,0.1,,
,,11/7/22,181,9/12/22,9,11,1,0.1,,
,,11/7/22,182,9/12/22,9,12,1,0.1,,
,,11/7/22,183,9/12/22,9,13,1,0.1,,
,,11/7/22,184,9/12/22,9,14,1,0.1,,
,,11/7/22,185,9/12/22,9,15,1,0.1,,
,,11/7/22,186,9/12/22,9,16,1,0.1,,
,,11/7/22,187,9/12/22,9,17,1,0.1,,
,,11/7/22,188,9/12/22,9,18,1,0.1,,
,,11/7/22,189,9/12/22,9,19,1,0.1,,
,,11/7/22,190,9/12/22,9,20,1,0.1,,
,,11/7/22,191,9/12/22,9,27,1,0.1,,
,,11/7/22,192,9/12/22,9,28,1,0.1,,
,,11/7/22,193,9/12/22,9,29,1,0.1,,
,,11/7/22,194,9/12/22,9,30,1,0.1,,
,,11/7/22,195,9/12/22,9,31,1,0.1,,
,,11/7/22,196,9/12/22,9,32,1,0.1,,
,,11/7/22,197,9/12/22,9,33,1,0.1,,
,,11/7/22,198,9/12/22,9,34,1,0.1,,
,,11/7/22,199,9/12/22,9,35,1,0.1,,
,,11/7/22,200,9/12/22,9,37,1,0.1,,
,,11/7/22,201,9/12/22,9,38,1,0.1,,
,,11/7/22,202,9/12/22,9,39,1,0.1,,
,,11/7/22,203,9/12/22,9,40,1,0.1,,
,,11/16/22,204,9/12/22,6,19,1,0.1,,
,,11/16/22,205,9/12/22,6,20,1,0.1,,
,,11/16/22,206,9/12/22,6,21,1,0.1,,
,,11/16/22,207,9/12/22,6,22,1,0.1,,
,,11/16/22,208,9/12/22,6,23,1,0.1,,
,,11/16/22,209,9/12/22,6,24,1,0.1,,
,,11/16/22,210,9/12/22,6,25,1,0.1,,
,,11/16/22,211,9/12/22,6,26,1,0.1,,
,,11/21/22,212,9/12/22,6,27,1,0.1,,
,,11/21/22,213,9/12/22,6,28,1,0.1,,
,,11/21/22,214,9/12/22,6,29,1,0.1,,
,,11/21/22,215,9/12/22,6,30,1,0.1,,
,,11/21/22,216,9/12/22,6,31,1,0.1,,
,,11/21/22,217,9/12/22,6,32,1,0.1,,
,,11/21/22,218,9/12/22,6,33,1,0.1,,
,,11/21/22,219,9/12/22,6,34,1,0.1,,
,,11/21/22,220,9/12/22,6,35,1,0.1,,
,,11/21/22,221,9/12/22,6,36,1,0.1,,
,,11/21/22,222,9/12/22,6,37,1,0.1,,
,,11/21/22,223,9/12/22,6,38,1,0.1,,
,,11/21/22,224,9/12/22,6,39,1,0.1,,
,,11/21/22,225,9/12/22,6,40,1,0.1,,
,,11/21/22,226,9/12/22,7,3,1,0.1,,
,,11/21/22,227,9/12/22,7,5,1,0.1,,
,,11/21/22,228,9/12/22,7,6,1,0.1,,
,,11/21/22,229,9/12/22,7,7,1,0.1,,
,,11/21/22,230,9/12/22,7,8,1,0.1,,
,,11/21/22,231,9/12/22,7,10,1,0.1,,
,,11/21/22,232,9/12/22,7,12,1,0.1,,
,,11/21/22,233,9/12/22,7,13,1,0.1,,
,,11/21/22,234,9/12/22,7,14,1,0.1,,
,,11/21/22,235,9/12/22,7,15,1,0.1,,
,,11/21/22,236,9/12/22,7,16,1,0.1,,
,,11/21/22,237,9/12/22,7,17,1,0.1,,
,,11/21/22,238,9/12/22,7,18,1,0.1,,
,,11/21/22,239,9/12/22,7,19,1,0.1,,
,,11/21/22,240,9/12/22,7,20,1,0.1,,
,,,1,9/12/22,9,41,1,0.1,,
,,,2,9/12/22,10,2,1,0.1,,
,,,3,9/12/22,10,3,1,0.1,,
,,,4,9/12/22,10,4,1,0.1,,
,,,5,9/12/22,10,5,1,0.1,,
,,,6,9/12/22,10,6,1,0.1,,
,,,7,9/12/22,10,7,1,0.1,,
,,,8,9/12/22,10,8,1,0.1,,
,,,9,9/12/22,10,10,1,0.1,,
,,,10,9/12/22,10,11,1,0.1,,
,,,11,9/12/22,10,17,1,0.1,,
,,,12,9/12/22,10,18,1,0.1,,