1-Wire/iButton Part Number: DS1921Z-F5,,,
,,,
1-Wire/iButton Registration Number: EF3B20000327C421,,,
,,,
Is Mission Active?  true,,,
,,,
Mission Start:  Wed Oct 19 13:15:00 PDT 2023,,,
,,,
Sample Rate:  Every 120 minute(s),,,
,,,
Number of Mission Samples:  2284,,,
,,,
Total Samples:  2284,,,
,,,
Roll Over Enabled?  true,,,
,,,
Roll Over Occurred?  Roll over has occurred,,,
,,,
Active Alarms:  High Temp,,,
,,,
Next Clock Alarm At:  Disabled,,,
,,,
High Temperature Alarm:  26.375 °C,,,
,,,
Low Temperature Alarm:  -5.5 °C,,,
,,,
,,,
,,,
Date/Time,Unit,Value,
,,,
11/8/22, 4:15:00 AM,C,9.75
11/8/22, 6:15:00 AM,C,9.25
11/8/22, 8:15:00 AM,C,17.375
11/8/22, 10:15:00 AM,C,26.125
11/8/22, 12:15:00 PM,C,20.375
11/8/22, 2:15:00 PM,C,11.375
11/8/22, 4:15:00 PM,C,9.5
11/8/22, 6:15:00 PM,C,9.375
11/8/22, 8:15:00 PM,C,9.125
11/8/22, 10:15:00 PM,C,7.375
11/9/22, 12:15:00 AM,C,7.5
11/9/22, 2:15:00 AM,C,8.25
11/9/22, 4:15:00 AM,C,8.125
11/9/22, 6:15:00 AM,C,7.125
11/9/22, 8:15:00 AM,C,11.5
11/9/22, 10:15:00 AM,C,16.125
11/9/22, 12:15:00 PM,C,21.75
11/9/22, 2:15:00 PM,C,20.75
11/9/22, 4:15:00 PM,C,13.875
11/9/22, 6:15:00 PM,C,9.875
11/9/22, 8:15:00 PM,C,6.5
11/9/22, 10:15:00 PM,C,4.875
11/10/22, 12:15:00 AM,C,5.25
11/10/22, 2:15:00 AM,C,3.25
11/10/22, 4:15:00 AM,C,2.5
11/10/22, 6:15:00 AM,C,1.875
11/10/22, 8:15:00 AM,C,11.75
11/10/22, 10:15:00 AM,C,18.375
11/10/22, 12:15:00 PM,C,19.5
11/10/22, 2:15:00 PM,C,20.25
11/10/22, 4:15:00 PM,C,13.5
11/10/22, 6:15:00 PM,C,7.625
11/10/22, 8:15:00 PM,C,5.75
11/10/22, 10:15:00 PM,C,4.875
11/11/22, 12:15:00 AM,C,3.875
11/11/22, 2:15:00 AM,C,2.25
11/11/22, 4:15:00 AM,C,2.125
11/11/22, 6:15:00 AM,C,1.75
11/11/22, 8:15:00 AM,C,12.125
11/11/22, 10:15:00 AM,C,17
11/11/22, 12:15:00 PM,C,21.375
11/11/22, 2:15:00 PM,C,20
11/11/22, 4:15:00 PM,C,14.625
11/11/22, 6:15:00 PM,C,8.125
11/11/22, 8:15:00 PM,C,6.125
11/11/22, 10:15:00 PM,C,4.375
11/12/22, 12:15:00 AM,C,4
11/12/22, 2:15:00 AM,C,3.125
11/12/22, 4:15:00 AM,C,1.875
11/12/22, 6:15:00 AM,C,1.5
11/12/22, 8:15:00 AM,C,10.5
11/12/22, 10:15:00 AM,C,19.375
11/12/22, 12:15:00 PM,C,22.5
11/12/22, 2:15:00 PM,C,23.375
11/12/22, 4:15:00 PM,C,15.625
11/12/22, 6:15:00 PM,C,9
11/12/22, 8:15:00 PM,C,5.875
11/12/22, 10:15:00 PM,C,7.5
11/13/22, 12:15:00 AM,C,7.25
11/13/22, 2:15:00 AM,C,8.75
11/13/22, 4:15:00 AM,C,7.625
11/13/22, 6:15:00 AM,C,8.125
11/13/22, 8:15:00 AM,C,10.875
11/13/22, 10:15:00 AM,C,13.125
11/13/22, 12:15:00 PM,C,22.75
11/13/22, 2:15:00 PM,C,18.625
11/13/22, 4:15:00 PM,C,13.625
11/13/22, 6:15:00 PM,C,6.625
11/13/22, 8:15:00 PM,C,4.25
11/13/22, 10:15:00 PM,C,5
11/14/22, 12:15:00 AM,C,5.375
11/14/22, 2:15:00 AM,C,2.125
11/14/22, 4:15:00 AM,C,0.75
11/14/22, 6:15:00 AM,C,0.25
11/14/22, 8:15:00 AM,C,13
11/14/22, 10:15:00 AM,C,17
11/14/22, 12:15:00 PM,C,21.5
11/14/22, 2:15:00 PM,C,22.5
11/14/22, 4:15:00 PM,C,15.125
11/14/22, 6:15:00 PM,C,7.25
11/14/22, 8:15:00 PM,C,5.75
11/14/22, 10:15:00 PM,C,5.25
11/15/22, 12:15:00 AM,C,4.125
11/15/22, 2:15:00 AM,C,1.625
11/15/22, 4:15:00 AM,C,0.875
11/15/22, 6:15:00 AM,C,0.125
11/15/22, 8:15:00 AM,C,9.625
11/15/22, 10:15:00 AM,C,15.625
11/15/22, 12:15:00 PM,C,22.25
11/15/22, 2:15:00 PM,C,21.25
11/15/22, 4:15:00 PM,C,14.5
11/15/22, 6:15:00 PM,C,7.5
11/15/22, 8:15:00 PM,C,5.75
11/15/22, 10:15:00 PM,C,4
11/16/22, 12:15:00 AM,C,2.375
11/16/22, 2:15:00 AM,C,3.25
11/16/22, 4:15:00 AM,C,1.75
11/16/22, 6:15:00 AM,C,3.375
11/16/22, 8:15:00 AM,C,10.375
11/16/22, 10:15:00 AM,C,19.5
11/16/22, 12:15:00 PM,C,24
11/16/22, 2:15:00 PM,C,23
11/16/22, 4:15:00 PM,C,17.625
11/16/22, 6:15:00 PM,C,9.5
11/16/22, 8:15:00 PM,C,5.375
11/16/22, 10:15:00 PM,C,5.5
11/17/22, 12:15:00 AM,C,2.5
11/17/22, 2:15:00 AM,C,1.5
11/17/22, 4:15:00 AM,C,-0.25
11/17/22, 6:15:00 AM,C,0.25
11/17/22, 8:15:00 AM,C,15
11/17/22, 10:15:00 AM,C,20.5
11/17/22, 12:15:00 PM,C,23.875
11/17/22, 2:15:00 PM,C,22.5
11/17/22, 4:15:00 PM,C,16.375
11/17/22, 6:15:00 PM,C,8.25
11/17/22, 8:15:00 PM,C,5.125
11/17/22, 10:15:00 PM,C,4
11/18/22, 12:15:00 AM,C,2.875
11/18/22, 2:15:00 AM,C,1.625
11/18/22, 4:15:00 AM,C,1.125
11/18/22, 6:15:00 AM,C,0.5
11/18/22, 8:15:00 AM,C,13.5
11/18/22, 10:15:00 AM,C,13
11/18/22, 12:15:00 PM,C,21.5
11/18/22, 2:15:00 PM,C,23
11/18/22, 4:15:00 PM,C,14.75
11/18/22, 6:15:00 PM,C,8.125
11/18/22, 8:15:00 PM,C,5.25
11/18/22, 10:15:00 PM,C,3.25
11/19/22, 12:15:00 AM,C,2.5
11/19/22, 2:15:00 AM,C,1.625
11/19/22, 4:15:00 AM,C,0.75
11/19/22, 6:15:00 AM,C,-0.25
11/19/22, 8:15:00 AM,C,10.125
11/19/22, 10:15:00 AM,C,18.875
11/19/22, 12:15:00 PM,C,25.375
11/19/22, 2:15:00 PM,C,25
11/19/22, 4:15:00 PM,C,17
11/19/22, 6:15:00 PM,C,11.375
11/19/22, 8:15:00 PM,C,5.125
11/19/22, 10:15:00 PM,C,2
11/20/22, 12:15:00 AM,C,0.75
11/20/22, 2:15:00 AM,C,-0.875
11/20/22, 4:15:00 AM,C,-1.75
11/20/22, 6:15:00 AM,C,-2
11/20/22, 8:15:00 AM,C,10
11/20/22, 10:15:00 AM,C,16.875
11/20/22, 12:15:00 PM,C,23.25
11/20/22, 2:15:00 PM,C,24.25
11/20/22, 4:15:00 PM,C,17.125
11/20/22, 6:15:00 PM,C,7
11/20/22, 8:15:00 PM,C,3.625
11/20/22, 10:15:00 PM,C,1.625
11/21/22, 12:15:00 AM,C,0
11/21/22, 2:15:00 AM,C,0.5
11/21/22, 4:15:00 AM,C,-1.875
11/21/22, 6:15:00 AM,C,-2.25
11/21/22, 8:15:00 AM,C,10.25
11/21/22, 10:15:00 AM,C,19.75
11/21/22, 12:15:00 PM,C,19.25
11/21/22, 2:15:00 PM,C,23.875
11/21/22, 4:15:00 PM,C,13
11/21/22, 6:15:00 PM,C,6.625
11/21/22, 8:15:00 PM,C,4
11/21/22, 10:15:00 PM,C,2.375
11/22/22, 12:15:00 AM,C,1.375
11/22/22, 2:15:00 AM,C,0.75
11/22/22, 4:15:00 AM,C,-0.375
11/22/22, 6:15:00 AM,C,-2
11/22/22, 8:15:00 AM,C,13.5
11/22/22, 10:15:00 AM,C,19.5
11/22/22, 12:15:00 PM,C,23.875
11/22/22, 2:15:00 PM,C,23
11/22/22, 4:15:00 PM,C,15
11/22/22, 6:15:00 PM,C,7
11/22/22, 8:15:00 PM,C,4.375
11/22/22, 10:15:00 PM,C,4.375
11/23/22, 12:15:00 AM,C,1.25
11/23/22, 2:15:00 AM,C,1
11/23/22, 4:15:00 AM,C,1.625
11/23/22, 6:15:00 AM,C,-0.375
11/23/22, 8:15:00 AM,C,11.75
11/23/22, 10:15:00 AM,C,18.75
11/23/22, 12:15:00 PM,C,23.25
11/23/22, 2:15:00 PM,C,23.375
11/23/22, 4:15:00 PM,C,15.75
11/23/22, 6:15:00 PM,C,7.875
11/23/22, 8:15:00 PM,C,5.5
11/23/22, 10:15:00 PM,C,2.625
11/24/22, 12:15:00 AM,C,2
11/24/22, 2:15:00 AM,C,1.125
11/24/22, 4:15:00 AM,C,-0.5
11/24/22, 6:15:00 AM,C,-0.5
11/24/22, 8:15:00 AM,C,11
11/24/22, 10:15:00 AM,C,22.75
11/24/22, 12:15:00 PM,C,25.875
11/24/22, 2:15:00 PM,C,26.375
11/24/22, 4:15:00 PM,C,23
11/24/22, 6:15:00 PM,C,19.375
11/24/22, 8:15:00 PM,C,15.125
11/24/22, 10:15:00 PM,C,10.75
11/25/22, 12:15:00 AM,C,13.5
11/25/22, 2:15:00 AM,C,7.5
11/25/22, 4:15:00 AM,C,4.25
11/25/22, 6:15:00 AM,C,2.375
11/25/22, 8:15:00 AM,C,14.75
11/25/22, 10:15:00 AM,C,22.625
11/25/22, 12:15:00 PM,C,24.625
11/25/22, 2:15:00 PM,C,26.375
11/25/22, 4:15:00 PM,C,18.75
11/25/22, 6:15:00 PM,C,11.125
11/25/22, 8:15:00 PM,C,5.875
11/25/22, 10:15:00 PM,C,5.25
11/26/22, 12:15:00 AM,C,3
11/26/22, 2:15:00 AM,C,1.5
11/26/22, 4:15:00 AM,C,1.75
11/26/22, 6:15:00 AM,C,0.375
11/26/22, 8:15:00 AM,C,10.75
11/26/22, 10:15:00 AM,C,21
11/26/22, 12:15:00 PM,C,26.375
11/26/22, 2:15:00 PM,C,26.375
11/26/22, 4:15:00 PM,C,18.625
11/26/22, 6:15:00 PM,C,8.625
11/26/22, 8:15:00 PM,C,5.875
11/26/22, 10:15:00 PM,C,4.375
11/27/22, 12:15:00 AM,C,3
11/27/22, 2:15:00 AM,C,1
11/27/22, 4:15:00 AM,C,-0.25
11/27/22, 6:15:00 AM,C,0.75
11/27/22, 8:15:00 AM,C,12.375
11/27/22, 10:15:00 AM,C,20.25
11/27/22, 12:15:00 PM,C,24.875
11/27/22, 2:15:00 PM,C,23.125
11/27/22, 4:15:00 PM,C,14.625
11/27/22, 6:15:00 PM,C,9.625
11/27/22, 8:15:00 PM,C,8.875
11/27/22, 10:15:00 PM,C,6.25
11/28/22, 12:15:00 AM,C,5.75
11/28/22, 2:15:00 AM,C,4.875
11/28/22, 4:15:00 AM,C,2.875
11/28/22, 6:15:00 AM,C,1.375
11/28/22, 8:15:00 AM,C,7.5
11/28/22, 10:15:00 AM,C,19.125
11/28/22, 12:15:00 PM,C,24.875
11/28/22, 2:15:00 PM,C,22.375
11/28/22, 4:15:00 PM,C,16.375
11/28/22, 6:15:00 PM,C,11
11/28/22, 8:15:00 PM,C,6.5
11/28/22, 10:15:00 PM,C,4.5
11/29/22, 12:15:00 AM,C,3.5
11/29/22, 2:15:00 AM,C,9.125
11/29/22, 4:15:00 AM,C,5.5
11/29/22, 6:15:00 AM,C,6.375
11/29/22, 8:15:00 AM,C,13.25
11/29/22, 10:15:00 AM,C,20.125
11/29/22, 12:15:00 PM,C,22.75
11/29/22, 2:15:00 PM,C,21.75
11/29/22, 4:15:00 PM,C,14.625
11/29/22, 6:15:00 PM,C,8.75
11/29/22, 8:15:00 PM,C,5.5
11/29/22, 10:15:00 PM,C,2.875
11/30/22, 12:15:00 AM,C,2.25
11/30/22, 2:15:00 AM,C,0.75
11/30/22, 4:15:00 AM,C,0.375
11/30/22, 6:15:00 AM,C,0
11/30/22, 8:15:00 AM,C,9.5
11/30/22, 10:15:00 AM,C,18.75
11/30/22, 12:15:00 PM,C,21.875
11/30/22, 2:15:00 PM,C,22.625
11/30/22, 4:15:00 PM,C,15.125
11/30/22, 6:15:00 PM,C,7
11/30/22, 8:15:00 PM,C,5.25
11/30/22, 10:15:00 PM,C,3.625
12/1/22, 12:15:00 AM,C,5.375
12/1/22, 2:15:00 AM,C,3.375
12/1/22, 4:15:00 AM,C,3.5
12/1/22, 6:15:00 AM,C,5
12/1/22, 8:15:00 AM,C,9.25
12/1/22, 10:15:00 AM,C,17.25
12/1/22, 12:15:00 PM,C,20.375
12/1/22, 2:15:00 PM,C,17.875
12/1/22, 4:15:00 PM,C,16
12/1/22, 6:15:00 PM,C,14.5
12/1/22, 8:15:00 PM,C,13.75
12/1/22, 10:15:00 PM,C,13.25
12/2/22, 12:15:00 AM,C,8
12/2/22, 2:15:00 AM,C,7.125
12/2/22, 4:15:00 AM,C,6.25
12/2/22, 6:15:00 AM,C,6.125
12/2/22, 8:15:00 AM,C,8
12/2/22, 10:15:00 AM,C,10.875
12/2/22, 12:15:00 PM,C,10.875
12/2/22, 2:15:00 PM,C,10.875
12/2/22, 4:15:00 PM,C,9.5
12/2/22, 6:15:00 PM,C,8.875
12/2/22, 8:15:00 PM,C,8.375
12/2/22, 10:15:00 PM,C,7.875
12/3/22, 12:15:00 AM,C,7.875
12/3/22, 2:15:00 AM,C,8
12/3/22, 4:15:00 AM,C,8.125
12/3/22, 6:15:00 AM,C,8
12/3/22, 8:15:00 AM,C,9.75
12/3/22, 10:15:00 AM,C,12
12/3/22, 12:15:00 PM,C,14.375
12/3/22, 2:15:00 PM,C,15.375
12/3/22, 4:15:00 PM,C,13.125
12/3/22, 6:15:00 PM,C,11.5
12/3/22, 8:15:00 PM,C,9
12/3/22, 10:15:00 PM,C,9.375
12/4/22, 12:15:00 AM,C,10.875
12/4/22, 2:15:00 AM,C,13.75
12/4/22, 4:15:00 AM,C,13.125
12/4/22, 6:15:00 AM,C,11.875
12/4/22, 8:15:00 AM,C,12.875
12/4/22, 10:15:00 AM,C,15.125
12/4/22, 12:15:00 PM,C,14.125
12/4/22, 2:15:00 PM,C,13.375
12/4/22, 4:15:00 PM,C,12.5
12/4/22, 6:15:00 PM,C,10.5
12/4/22, 8:15:00 PM,C,7.75
12/4/22, 10:15:00 PM,C,7.5
12/5/22, 12:15:00 AM,C,5.875
12/5/22, 2:15:00 AM,C,6.625
12/5/22, 4:15:00 AM,C,7.25
12/5/22, 6:15:00 AM,C,8.125
12/5/22, 8:15:00 AM,C,9.25
12/5/22, 10:15:00 AM,C,14.25
12/5/22, 12:15:00 PM,C,20.625
12/5/22, 2:15:00 PM,C,16.5
12/5/22, 4:15:00 PM,C,15
12/5/22, 6:15:00 PM,C,8.125
12/5/22, 8:15:00 PM,C,6.125
12/5/22, 10:15:00 PM,C,5
12/6/22, 12:15:00 AM,C,4.75
12/6/22, 2:15:00 AM,C,3.75
12/6/22, 4:15:00 AM,C,2.25
12/6/22, 6:15:00 AM,C,2.5
12/6/22, 8:15:00 AM,C,5.25
12/6/22, 10:15:00 AM,C,19
12/6/22, 12:15:00 PM,C,22.375
12/6/22, 2:15:00 PM,C,21.875
12/6/22, 4:15:00 PM,C,14.625
12/6/22, 6:15:00 PM,C,11.25
12/6/22, 8:15:00 PM,C,10
12/6/22, 10:15:00 PM,C,8.5
12/7/22, 12:15:00 AM,C,7.25
12/7/22, 2:15:00 AM,C,4.875
12/7/22, 4:15:00 AM,C,5.625
12/7/22, 6:15:00 AM,C,5.875
12/7/22, 8:15:00 AM,C,8
12/7/22, 10:15:00 AM,C,15.875
12/7/22, 12:15:00 PM,C,19.875
12/7/22, 2:15:00 PM,C,20
12/7/22, 4:15:00 PM,C,14.75
12/7/22, 6:15:00 PM,C,8.375
12/7/22, 8:15:00 PM,C,6.125
12/7/22, 10:15:00 PM,C,5.25
12/8/22, 12:15:00 AM,C,2.875
12/8/22, 2:15:00 AM,C,2.625
12/8/22, 4:15:00 AM,C,1.875
12/8/22, 6:15:00 AM,C,1.375
12/8/22, 8:15:00 AM,C,8.375
12/8/22, 10:15:00 AM,C,18.125
12/8/22, 12:15:00 PM,C,19.625
12/8/22, 2:15:00 PM,C,16.25
12/8/22, 4:15:00 PM,C,12.5
12/8/22, 6:15:00 PM,C,7.25
12/8/22, 8:15:00 PM,C,5.125
12/8/22, 10:15:00 PM,C,4.125
12/9/22, 12:15:00 AM,C,2.625
12/9/22, 2:15:00 AM,C,1.875
12/9/22, 4:15:00 AM,C,1
12/9/22, 6:15:00 AM,C,0.5
12/9/22, 8:15:00 AM,C,9.875
12/9/22, 10:15:00 AM,C,20
12/9/22, 12:15:00 PM,C,20.5
12/9/22, 2:15:00 PM,C,22
12/9/22, 4:15:00 PM,C,15.5
12/9/22, 6:15:00 PM,C,6.75
12/9/22, 8:15:00 PM,C,5.125
12/9/22, 10:15:00 PM,C,3
12/10/22, 12:15:00 AM,C,3.375
12/10/22, 2:15:00 AM,C,5
12/10/22, 4:15:00 AM,C,4.375
12/10/22, 6:15:00 AM,C,4.625
12/10/22, 8:15:00 AM,C,8.375
12/10/22, 10:15:00 AM,C,15.5
12/10/22, 12:15:00 PM,C,15.625
12/10/22, 2:15:00 PM,C,19.25
12/10/22, 4:15:00 PM,C,16.25
12/10/22, 6:15:00 PM,C,16
12/10/22, 8:15:00 PM,C,16.125
12/10/22, 10:15:00 PM,C,15.5
12/11/22, 12:15:00 AM,C,16.375
12/11/22, 2:15:00 AM,C,11.25
12/11/22, 4:15:00 AM,C,10.75
12/11/22, 6:15:00 AM,C,9.875
12/11/22, 8:15:00 AM,C,9.625
12/11/22, 10:15:00 AM,C,15
12/11/22, 12:15:00 PM,C,12.75
12/11/22, 2:15:00 PM,C,13
12/11/22, 4:15:00 PM,C,11.875
12/11/22, 6:15:00 PM,C,6.625
12/11/22, 8:15:00 PM,C,5.375
12/11/22, 10:15:00 PM,C,2.75
12/12/22, 12:15:00 AM,C,2.875
12/12/22, 2:15:00 AM,C,2.25
12/12/22, 4:15:00 AM,C,2.75
12/12/22, 6:15:00 AM,C,4.125
12/12/22, 8:15:00 AM,C,6.625
12/12/22, 10:15:00 AM,C,12.125
12/12/22, 12:15:00 PM,C,12.625
12/12/22, 2:15:00 PM,C,11.375
12/12/22, 4:15:00 PM,C,9.875
12/12/22, 6:15:00 PM,C,6.5
12/12/22, 8:15:00 PM,C,7.125
12/12/22, 10:15:00 PM,C,5.375
12/13/22, 12:15:00 AM,C,5.5
12/13/22, 2:15:00 AM,C,2.875
12/13/22, 4:15:00 AM,C,0.875
12/13/22, 6:15:00 AM,C,2.875
12/13/22, 8:15:00 AM,C,8.75
12/13/22, 10:15:00 AM,C,15.625
12/13/22, 12:15:00 PM,C,18.625
12/13/22, 2:15:00 PM,C,16.125
12/13/22, 4:15:00 PM,C,9.625
12/13/22, 6:15:00 PM,C,9.75
12/13/22, 8:15:00 PM,C,9
12/13/22, 10:15:00 PM,C,8.25
12/14/22, 12:15:00 AM,C,7.125
12/14/22, 2:15:00 AM,C,6.625
12/14/22, 4:15:00 AM,C,6
12/14/22, 6:15:00 AM,C,3.375
12/14/22, 8:15:00 AM,C,10
12/14/22, 10:15:00 AM,C,17
12/14/22, 12:15:00 PM,C,17.625
12/14/22, 2:15:00 PM,C,16.875
12/14/22, 4:15:00 PM,C,12
12/14/22, 6:15:00 PM,C,5
12/14/22, 8:15:00 PM,C,4.25
12/14/22, 10:15:00 PM,C,2.75
12/15/22, 12:15:00 AM,C,2.875
12/15/22, 2:15:00 AM,C,1.25
12/15/22, 4:15:00 AM,C,1.125
12/15/22, 6:15:00 AM,C,0.25
12/15/22, 8:15:00 AM,C,5.375
12/15/22, 10:15:00 AM,C,15.125
12/15/22, 12:15:00 PM,C,15.25
12/15/22, 2:15:00 PM,C,14.75
12/15/22, 4:15:00 PM,C,9.5
12/15/22, 6:15:00 PM,C,5.625
12/15/22, 8:15:00 PM,C,4.125
12/15/22, 10:15:00 PM,C,3.75
12/16/22, 12:15:00 AM,C,2.625
12/16/22, 2:15:00 AM,C,1.375
12/16/22, 4:15:00 AM,C,0.875
12/16/22, 6:15:00 AM,C,-0.25
12/16/22, 8:15:00 AM,C,2.875
12/16/22, 10:15:00 AM,C,8.375
12/16/22, 12:15:00 PM,C,18.125
12/16/22, 2:15:00 PM,C,19.5
12/16/22, 4:15:00 PM,C,11.625
12/16/22, 6:15:00 PM,C,4.5
12/16/22, 8:15:00 PM,C,3.625
12/16/22, 10:15:00 PM,C,1.25
12/17/22, 12:15:00 AM,C,0.25
12/17/22, 2:15:00 AM,C,2.875
12/17/22, 4:15:00 AM,C,2.75
12/17/22, 6:15:00 AM,C,2.5
12/17/22, 8:15:00 AM,C,4.125
12/17/22, 10:15:00 AM,C,5.25
12/17/22, 12:15:00 PM,C,7.25
12/17/22, 2:15:00 PM,C,7.5
12/17/22, 4:15:00 PM,C,6
12/17/22, 6:15:00 PM,C,5
12/17/22, 8:15:00 PM,C,4.875
12/17/22, 10:15:00 PM,C,4.75
12/18/22, 12:15:00 AM,C,4.625
12/18/22, 2:15:00 AM,C,4.375
12/18/22, 4:15:00 AM,C,3.875
12/18/22, 6:15:00 AM,C,3.875
12/18/22, 8:15:00 AM,C,3.75
12/18/22, 10:15:00 AM,C,5.875
12/18/22, 12:15:00 PM,C,13.875
12/18/22, 2:15:00 PM,C,10.5
12/18/22, 4:15:00 PM,C,7.375
12/18/22, 6:15:00 PM,C,2.25
12/18/22, 8:15:00 PM,C,2.5
12/18/22, 10:15:00 PM,C,2.5
12/19/22, 12:15:00 AM,C,3.75
12/19/22, 2:15:00 AM,C,4.125
12/19/22, 4:15:00 AM,C,3.75
12/19/22, 6:15:00 AM,C,3.375
12/19/22, 8:15:00 AM,C,4.5
12/19/22, 10:15:00 AM,C,8.125
12/19/22, 12:15:00 PM,C,11.625
12/19/22, 2:15:00 PM,C,12.5
12/19/22, 4:15:00 PM,C,8.625
12/19/22, 6:15:00 PM,C,3.875
12/19/22, 8:15:00 PM,C,2.125
12/19/22, 10:15:00 PM,C,0.875
12/20/22, 12:15:00 AM,C,0.75
12/20/22, 2:15:00 AM,C,1.375
12/20/22, 4:15:00 AM,C,-0.625
12/20/22, 6:15:00 AM,C,-0.75
12/20/22, 8:15:00 AM,C,4.875
12/20/22, 10:15:00 AM,C,12.75
12/20/22, 12:15:00 PM,C,14.25
12/20/22, 2:15:00 PM,C,13.375
12/20/22, 4:15:00 PM,C,6.75
12/20/22, 6:15:00 PM,C,5.375
12/20/22, 8:15:00 PM,C,5.625
12/20/22, 10:15:00 PM,C,5.5
12/21/22, 12:15:00 AM,C,5
12/21/22, 2:15:00 AM,C,4.5
12/21/22, 4:15:00 AM,C,4.125
12/21/22, 6:15:00 AM,C,4
12/21/22, 8:15:00 AM,C,4.25
12/21/22, 10:15:00 AM,C,5.375
12/21/22, 12:15:00 PM,C,7
12/21/22, 2:15:00 PM,C,12.375
12/21/22, 4:15:00 PM,C,6.25
12/21/22, 6:15:00 PM,C,1.875
12/21/22, 8:15:00 PM,C,0.625
12/21/22, 10:15:00 PM,C,-0.125
12/22/22, 12:15:00 AM,C,-0.875
12/22/22, 2:15:00 AM,C,0.375
12/22/22, 4:15:00 AM,C,1.25
12/22/22, 6:15:00 AM,C,1.75
12/22/22, 8:15:00 AM,C,2.375
12/22/22, 10:15:00 AM,C,3.875
12/22/22, 12:15:00 PM,C,6.375
12/22/22, 2:15:00 PM,C,6.5
12/22/22, 4:15:00 PM,C,8
12/22/22, 6:15:00 PM,C,1
12/22/22, 8:15:00 PM,C,0.5
12/22/22, 10:15:00 PM,C,0.75
12/23/22, 12:15:00 AM,C,1.375
12/23/22, 2:15:00 AM,C,1.625
12/23/22, 4:15:00 AM,C,1.25
12/23/22, 6:15:00 AM,C,0.75
12/23/22, 8:15:00 AM,C,2.25
12/23/22, 10:15:00 AM,C,6
12/23/22, 12:15:00 PM,C,13.25
12/23/22, 2:15:00 PM,C,16.75
12/23/22, 4:15:00 PM,C,13.125
12/23/22, 6:15:00 PM,C,4.625
12/23/22, 8:15:00 PM,C,2.875
12/23/22, 10:15:00 PM,C,1.375
12/24/22, 12:15:00 AM,C,1.25
12/24/22, 2:15:00 AM,C,1.375
12/24/22, 4:15:00 AM,C,0.625
12/24/22, 6:15:00 AM,C,1
12/24/22, 8:15:00 AM,C,1.875
12/24/22, 10:15:00 AM,C,4.625
12/24/22, 12:15:00 PM,C,9.625
12/24/22, 2:15:00 PM,C,8.25
12/24/22, 4:15:00 PM,C,8.375
12/24/22, 6:15:00 PM,C,2.25
12/24/22, 8:15:00 PM,C,1.25
12/24/22, 10:15:00 PM,C,2.5
12/25/22, 12:15:00 AM,C,1.875
12/25/22, 2:15:00 AM,C,1.5
12/25/22, 4:15:00 AM,C,1.5
12/25/22, 6:15:00 AM,C,1.375
12/25/22, 8:15:00 AM,C,2.875
12/25/22, 10:15:00 AM,C,4.125
12/25/22, 12:15:00 PM,C,6
12/25/22, 2:15:00 PM,C,14.625
12/25/22, 4:15:00 PM,C,9.875
12/25/22, 6:15:00 PM,C,2.5
12/25/22, 8:15:00 PM,C,3
12/25/22, 10:15:00 PM,C,2.125
12/26/22, 12:15:00 AM,C,3.375
12/26/22, 2:15:00 AM,C,2.625
12/26/22, 4:15:00 AM,C,1.75
12/26/22, 6:15:00 AM,C,1.875
12/26/22, 8:15:00 AM,C,3.25
12/26/22, 10:15:00 AM,C,4.125
12/26/22, 12:15:00 PM,C,10
12/26/22, 2:15:00 PM,C,13.5
12/26/22, 4:15:00 PM,C,10.5
12/26/22, 6:15:00 PM,C,5
12/26/22, 8:15:00 PM,C,6.375
12/26/22, 10:15:00 PM,C,4.5
12/27/22, 12:15:00 AM,C,4.75
12/27/22, 2:15:00 AM,C,6.625
12/27/22, 4:15:00 AM,C,6.75
12/27/22, 6:15:00 AM,C,5.375
12/27/22, 8:15:00 AM,C,8
12/27/22, 10:15:00 AM,C,10.625
12/27/22, 12:15:00 PM,C,11.75
12/27/22, 2:15:00 PM,C,10.625
12/27/22, 4:15:00 PM,C,9.75
12/27/22, 6:15:00 PM,C,9.125
12/27/22, 8:15:00 PM,C,9.125
12/27/22, 10:15:00 PM,C,9.75
12/28/22, 12:15:00 AM,C,10
12/28/22, 2:15:00 AM,C,10.125
12/28/22, 4:15:00 AM,C,9.5
12/28/22, 6:15:00 AM,C,9.25
12/28/22, 8:15:00 AM,C,9.75
12/28/22, 10:15:00 AM,C,12.75
12/28/22, 12:15:00 PM,C,14.75
12/28/22, 2:15:00 PM,C,13.75
12/28/22, 4:15:00 PM,C,14
12/28/22, 6:15:00 PM,C,7.5
12/28/22, 8:15:00 PM,C,7
12/28/22, 10:15:00 PM,C,6.375
12/29/22, 12:15:00 AM,C,5.875
12/29/22, 2:15:00 AM,C,8.125
12/29/22, 4:15:00 AM,C,8.625
12/29/22, 6:15:00 AM,C,6.875
12/29/22, 8:15:00 AM,C,8.125
12/29/22, 10:15:00 AM,C,13.5
12/29/22, 12:15:00 PM,C,15.5
12/29/22, 2:15:00 PM,C,13.25
12/29/22, 4:15:00 PM,C,10.625
12/29/22, 6:15:00 PM,C,9.875
12/29/22, 8:15:00 PM,C,9.75
12/29/22, 10:15:00 PM,C,9.75
12/30/22, 12:15:00 AM,C,10
12/30/22, 2:15:00 AM,C,9.75
12/30/22, 4:15:00 AM,C,9.875
12/30/22, 6:15:00 AM,C,9.75
12/30/22, 8:15:00 AM,C,11.875
12/30/22, 10:15:00 AM,C,17.75
12/30/22, 12:15:00 PM,C,19.75
12/30/22, 2:15:00 PM,C,19.75
12/30/22, 4:15:00 PM,C,17.75
12/30/22, 6:15:00 PM,C,13.375
12/30/22, 8:15:00 PM,C,11.125
12/30/22, 10:15:00 PM,C,11.625
12/31/22, 12:15:00 AM,C,11.25
12/31/22, 2:15:00 AM,C,11.125
12/31/22, 4:15:00 AM,C,11.25
12/31/22, 6:15:00 AM,C,11.25
12/31/22, 8:15:00 AM,C,11.875
12/31/22, 10:15:00 AM,C,16.25
12/31/22, 12:15:00 PM,C,21
12/31/22, 2:15:00 PM,C,21.25
12/31/22, 4:15:00 PM,C,17.125
12/31/22, 6:15:00 PM,C,13.5
12/31/22, 8:15:00 PM,C,12.875
12/31/22, 10:15:00 PM,C,12.75
1/1/23, 12:15:00 AM,C,11.375
1/1/23, 2:15:00 AM,C,9.75
1/1/23, 4:15:00 AM,C,8.125
1/1/23, 6:15:00 AM,C,8.75
1/1/23, 8:15:00 AM,C,9.375
1/1/23, 10:15:00 AM,C,9.75
1/1/23, 12:15:00 PM,C,10.875
1/1/23, 2:15:00 PM,C,15.125
1/1/23, 4:15:00 PM,C,11.875
1/1/23, 6:15:00 PM,C,5.75
1/1/23, 8:15:00 PM,C,5.375
1/1/23, 10:15:00 PM,C,3.375
1/2/23, 12:15:00 AM,C,3.375
1/2/23, 2:15:00 AM,C,2.875
1/2/23, 4:15:00 AM,C,2.625
1/2/23, 6:15:00 AM,C,3.125
1/2/23, 8:15:00 AM,C,6.75
1/2/23, 10:15:00 AM,C,12.5
1/2/23, 12:15:00 PM,C,13.375
1/2/23, 2:15:00 PM,C,12.125
1/2/23, 4:15:00 PM,C,9.25
1/2/23, 6:15:00 PM,C,8.125
1/2/23, 8:15:00 PM,C,8.125
1/2/23, 10:15:00 PM,C,7.625
1/3/23, 12:15:00 AM,C,7.625
1/3/23, 2:15:00 AM,C,5.875
1/3/23, 4:15:00 AM,C,4.375
1/3/23, 6:15:00 AM,C,4.375
1/3/23, 8:15:00 AM,C,5.625
1/3/23, 10:15:00 AM,C,15.25
1/3/23, 12:15:00 PM,C,20.5
1/3/23, 2:15:00 PM,C,19.5
1/3/23, 4:15:00 PM,C,12
1/3/23, 6:15:00 PM,C,10
1/3/23, 8:15:00 PM,C,7
1/3/23, 10:15:00 PM,C,6.5
1/4/23, 12:15:00 AM,C,5.375
1/4/23, 2:15:00 AM,C,6.625
1/4/23, 4:15:00 AM,C,6.625
1/4/23, 6:15:00 AM,C,7.875
1/4/23, 8:15:00 AM,C,12.25
1/4/23, 10:15:00 AM,C,18.25
1/4/23, 12:15:00 PM,C,19.375
1/4/23, 2:15:00 PM,C,20.375
1/4/23, 4:15:00 PM,C,18.875
1/4/23, 6:15:00 PM,C,17.25
1/4/23, 8:15:00 PM,C,16.75
1/4/23, 10:15:00 PM,C,17.25
1/5/23, 12:15:00 AM,C,13.25
1/5/23, 2:15:00 AM,C,12
1/5/23, 4:15:00 AM,C,11.125
1/5/23, 6:15:00 AM,C,12.125
1/5/23, 8:15:00 AM,C,10.875
1/5/23, 10:15:00 AM,C,19.125
1/5/23, 12:15:00 PM,C,21.875
1/5/23, 2:15:00 PM,C,19.25
1/5/23, 4:15:00 PM,C,13
1/5/23, 6:15:00 PM,C,9.5
1/5/23, 8:15:00 PM,C,8.375
1/5/23, 10:15:00 PM,C,7.75
1/6/23, 12:15:00 AM,C,6.625
1/6/23, 2:15:00 AM,C,5
1/6/23, 4:15:00 AM,C,4.5
1/6/23, 6:15:00 AM,C,2.125
1/6/23, 8:15:00 AM,C,11.125
1/6/23, 10:15:00 AM,C,18.5
1/6/23, 12:15:00 PM,C,19.875
1/6/23, 2:15:00 PM,C,20.375
1/6/23, 4:15:00 PM,C,17
1/6/23, 6:15:00 PM,C,8
1/6/23, 8:15:00 PM,C,7.625
1/6/23, 10:15:00 PM,C,5.25
1/7/23, 12:15:00 AM,C,5
1/7/23, 2:15:00 AM,C,4.375
1/7/23, 4:15:00 AM,C,4.875
1/7/23, 6:15:00 AM,C,5.75
1/7/23, 8:15:00 AM,C,7.125
1/7/23, 10:15:00 AM,C,13.125
1/7/23, 12:15:00 PM,C,20.5
1/7/23, 2:15:00 PM,C,21.25
1/7/23, 4:15:00 PM,C,17
1/7/23, 6:15:00 PM,C,12.125
1/7/23, 8:15:00 PM,C,11.75
1/7/23, 10:15:00 PM,C,9.875
1/8/23, 12:15:00 AM,C,11.25
1/8/23, 2:15:00 AM,C,10.5
1/8/23, 4:15:00 AM,C,10.375
1/8/23, 6:15:00 AM,C,11.5
1/8/23, 8:15:00 AM,C,13.125
1/8/23, 10:15:00 AM,C,14.125
1/8/23, 12:15:00 PM,C,24.625
1/8/23, 2:15:00 PM,C,20.75
1/8/23, 4:15:00 PM,C,16.625
1/8/23, 6:15:00 PM,C,12.75
1/8/23, 8:15:00 PM,C,11.25
1/8/23, 10:15:00 PM,C,12.25
1/9/23, 12:15:00 AM,C,11.875
1/9/23, 2:15:00 AM,C,14.625
1/9/23, 4:15:00 AM,C,14
1/9/23, 6:15:00 AM,C,13.5
1/9/23, 8:15:00 AM,C,16.625
1/9/23, 10:15:00 AM,C,16.5
1/9/23, 12:15:00 PM,C,18.375
1/9/23, 2:15:00 PM,C,15
1/9/23, 4:15:00 PM,C,14.375
1/9/23, 6:15:00 PM,C,13.375
1/9/23, 8:15:00 PM,C,13.125
1/9/23, 10:15:00 PM,C,13
1/10/23, 12:15:00 AM,C,11
1/10/23, 2:15:00 AM,C,10
1/10/23, 4:15:00 AM,C,11.75
1/10/23, 6:15:00 AM,C,11.5
1/10/23, 8:15:00 AM,C,10.5
1/10/23, 10:15:00 AM,C,11.375
1/10/23, 12:15:00 PM,C,18.125
1/10/23, 2:15:00 PM,C,15.75
1/10/23, 4:15:00 PM,C,15
1/10/23, 6:15:00 PM,C,12
1/10/23, 8:15:00 PM,C,11.375
1/10/23, 10:15:00 PM,C,8.25
1/11/23, 12:15:00 AM,C,8.25
1/11/23, 2:15:00 AM,C,5.875
1/11/23, 4:15:00 AM,C,5.375
1/11/23, 6:15:00 AM,C,5.375
1/11/23, 8:15:00 AM,C,11.125
1/11/23, 10:15:00 AM,C,17.125
1/11/23, 12:15:00 PM,C,18.125
1/11/23, 2:15:00 PM,C,18
1/11/23, 4:15:00 PM,C,15.875
1/11/23, 6:15:00 PM,C,11.25
1/11/23, 8:15:00 PM,C,8.375
1/11/23, 10:15:00 PM,C,8.5
1/12/23, 12:15:00 AM,C,7.375
1/12/23, 2:15:00 AM,C,6.625
1/12/23, 4:15:00 AM,C,5.125
1/12/23, 6:15:00 AM,C,5
1/12/23, 8:15:00 AM,C,14.375
1/12/23, 10:15:00 AM,C,19.375
1/12/23, 12:15:00 PM,C,19.625
1/12/23, 2:15:00 PM,C,23.625
1/12/23, 4:15:00 PM,C,19.125
1/12/23, 6:15:00 PM,C,13.25
1/12/23, 8:15:00 PM,C,15.75
1/12/23, 10:15:00 PM,C,15.125
1/13/23, 12:15:00 AM,C,13.25
1/13/23, 2:15:00 AM,C,15.375
1/13/23, 4:15:00 AM,C,14.125
1/13/23, 6:15:00 AM,C,11.75
1/13/23, 8:15:00 AM,C,11.5
1/13/23, 10:15:00 AM,C,19.5
1/13/23, 12:15:00 PM,C,22.125
1/13/23, 2:15:00 PM,C,21.5
1/13/23, 4:15:00 PM,C,17.625
1/13/23, 6:15:00 PM,C,14.125
1/13/23, 8:15:00 PM,C,9.5
1/13/23, 10:15:00 PM,C,8.875
1/14/23, 12:15:00 AM,C,8.5
1/14/23, 2:15:00 AM,C,9.625
1/14/23, 4:15:00 AM,C,11.25
1/14/23, 6:15:00 AM,C,10.375
1/14/23, 8:15:00 AM,C,11.375
1/14/23, 10:15:00 AM,C,10.75
1/14/23, 12:15:00 PM,C,12.375
1/14/23, 2:15:00 PM,C,12.5
1/14/23, 4:15:00 PM,C,11.875
1/14/23, 6:15:00 PM,C,11.375
1/14/23, 8:15:00 PM,C,10.125
1/14/23, 10:15:00 PM,C,9.875
1/15/23, 12:15:00 AM,C,9.875
1/15/23, 2:15:00 AM,C,8.625
1/15/23, 4:15:00 AM,C,9.25
1/15/23, 6:15:00 AM,C,7.5
1/15/23, 8:15:00 AM,C,9.125
1/15/23, 10:15:00 AM,C,14.625
1/15/23, 12:15:00 PM,C,15.25
1/15/23, 2:15:00 PM,C,13.5
1/15/23, 4:15:00 PM,C,11.375
1/15/23, 6:15:00 PM,C,9.375
1/15/23, 8:15:00 PM,C,8.75
1/15/23, 10:15:00 PM,C,9.125
1/16/23, 12:15:00 AM,C,9.625
1/16/23, 2:15:00 AM,C,10.25
1/16/23, 4:15:00 AM,C,12.375
1/16/23, 6:15:00 AM,C,8
1/16/23, 8:15:00 AM,C,14
1/16/23, 10:15:00 AM,C,13.125
1/16/23, 12:15:00 PM,C,13.375
1/16/23, 2:15:00 PM,C,12.5
1/16/23, 4:15:00 PM,C,9.375
1/16/23, 6:15:00 PM,C,8
1/16/23, 8:15:00 PM,C,6.5
1/16/23, 10:15:00 PM,C,6.5
1/17/23, 12:15:00 AM,C,5.875
1/17/23, 2:15:00 AM,C,5.625
1/17/23, 4:15:00 AM,C,4.5
1/17/23, 6:15:00 AM,C,4.125
1/17/23, 8:15:00 AM,C,6.125
1/17/23, 10:15:00 AM,C,9.25
1/17/23, 12:15:00 PM,C,10.75
1/17/23, 2:15:00 PM,C,10.5
1/17/23, 4:15:00 PM,C,9.25
1/17/23, 6:15:00 PM,C,7.375
1/17/23, 8:15:00 PM,C,4.25
1/17/23, 10:15:00 PM,C,2.875
1/18/23, 12:15:00 AM,C,2.5
1/18/23, 2:15:00 AM,C,1.625
1/18/23, 4:15:00 AM,C,1.625
1/18/23, 6:15:00 AM,C,0.125
1/18/23, 8:15:00 AM,C,7.625
1/18/23, 10:15:00 AM,C,14.625
1/18/23, 12:15:00 PM,C,18.125
1/18/23, 2:15:00 PM,C,17.125
1/18/23, 4:15:00 PM,C,16.375
1/18/23, 6:15:00 PM,C,5.5
1/18/23, 8:15:00 PM,C,4.125
1/18/23, 10:15:00 PM,C,2.75
1/19/23, 12:15:00 AM,C,1.625
1/19/23, 2:15:00 AM,C,1.125
1/19/23, 4:15:00 AM,C,0.75
1/19/23, 6:15:00 AM,C,0
1/19/23, 8:15:00 AM,C,4
1/19/23, 10:15:00 AM,C,12.125
1/19/23, 12:15:00 PM,C,10.375
1/19/23, 2:15:00 PM,C,11
1/19/23, 4:15:00 PM,C,10.625
1/19/23, 6:15:00 PM,C,8.25
1/19/23, 8:15:00 PM,C,6.75
1/19/23, 10:15:00 PM,C,6.375
1/20/23, 12:15:00 AM,C,6
1/20/23, 2:15:00 AM,C,5.625
1/20/23, 4:15:00 AM,C,5.75
1/20/23, 6:15:00 AM,C,3.125
1/20/23, 8:15:00 AM,C,10.375
1/20/23, 10:15:00 AM,C,16.5
1/20/23, 12:15:00 PM,C,17
1/20/23, 2:15:00 PM,C,16.625
1/20/23, 4:15:00 PM,C,13.625
1/20/23, 6:15:00 PM,C,6.25
1/20/23, 8:15:00 PM,C,2.625
1/20/23, 10:15:00 PM,C,2
1/21/23, 12:15:00 AM,C,0.625
1/21/23, 2:15:00 AM,C,0.25
1/21/23, 4:15:00 AM,C,1.75
1/21/23, 6:15:00 AM,C,1
1/21/23, 8:15:00 AM,C,8.375
1/21/23, 10:15:00 AM,C,14.375
1/21/23, 12:15:00 PM,C,17.75
1/21/23, 2:15:00 PM,C,18
1/21/23, 4:15:00 PM,C,14.375
1/21/23, 6:15:00 PM,C,6.875
1/21/23, 8:15:00 PM,C,4.875
1/21/23, 10:15:00 PM,C,3.125
1/22/23, 12:15:00 AM,C,1.5
1/22/23, 2:15:00 AM,C,0.875
1/22/23, 4:15:00 AM,C,0.625
1/22/23, 6:15:00 AM,C,2.125
1/22/23, 8:15:00 AM,C,5.125
1/22/23, 10:15:00 AM,C,14.75
1/22/23, 12:15:00 PM,C,11.75
1/22/23, 2:15:00 PM,C,12.625
1/22/23, 4:15:00 PM,C,10.5
1/22/23, 6:15:00 PM,C,7.375
1/22/23, 8:15:00 PM,C,6.375
1/22/23, 10:15:00 PM,C,2.625
1/23/23, 12:15:00 AM,C,2.125
1/23/23, 2:15:00 AM,C,1
1/23/23, 4:15:00 AM,C,2.25
1/23/23, 6:15:00 AM,C,0
1/23/23, 8:15:00 AM,C,5.75
1/23/23, 10:15:00 AM,C,14.375
1/23/23, 12:15:00 PM,C,16.875
1/23/23, 2:15:00 PM,C,17.875
1/23/23, 4:15:00 PM,C,14.375
1/23/23, 6:15:00 PM,C,5.125
1/23/23, 8:15:00 PM,C,3.25
1/23/23, 10:15:00 PM,C,1.5
1/24/23, 12:15:00 AM,C,0
1/24/23, 2:15:00 AM,C,-0.75
1/24/23, 4:15:00 AM,C,-0.375
1/24/23, 6:15:00 AM,C,-1.375
1/24/23, 8:15:00 AM,C,8
1/24/23, 10:15:00 AM,C,13.125
1/24/23, 12:15:00 PM,C,19.125
1/24/23, 2:15:00 PM,C,18.625
1/24/23, 4:15:00 PM,C,15.125
1/24/23, 6:15:00 PM,C,5.75
1/24/23, 8:15:00 PM,C,3.25
1/24/23, 10:15:00 PM,C,2.5
1/25/23, 12:15:00 AM,C,0.75
1/25/23, 2:15:00 AM,C,-0.125
1/25/23, 4:15:00 AM,C,-0.5
1/25/23, 6:15:00 AM,C,-0.5
1/25/23, 8:15:00 AM,C,6.625
1/25/23, 10:15:00 AM,C,15.875
1/25/23, 12:15:00 PM,C,18.75
1/25/23, 2:15:00 PM,C,19.25
1/25/23, 4:15:00 PM,C,16.125
1/25/23, 6:15:00 PM,C,7.5
1/25/23, 8:15:00 PM,C,5
1/25/23, 10:15:00 PM,C,3.625
1/26/23, 12:15:00 AM,C,2.125
1/26/23, 2:15:00 AM,C,1.25
1/26/23, 4:15:00 AM,C,1.75
1/26/23, 6:15:00 AM,C,0
1/26/23, 8:15:00 AM,C,7.5
1/26/23, 10:15:00 AM,C,18.875
1/26/23, 12:15:00 PM,C,23.75
1/26/23, 2:15:00 PM,C,23.125
1/26/23, 4:15:00 PM,C,19.125
1/26/23, 6:15:00 PM,C,9.625
1/26/23, 8:15:00 PM,C,6.75
1/26/23, 10:15:00 PM,C,4.625
1/27/23, 12:15:00 AM,C,2.875
1/27/23, 2:15:00 AM,C,1.5
1/27/23, 4:15:00 AM,C,1.625
1/27/23, 6:15:00 AM,C,0.25
1/27/23, 8:15:00 AM,C,9.875
1/27/23, 10:15:00 AM,C,18.25
1/27/23, 12:15:00 PM,C,23.375
1/27/23, 2:15:00 PM,C,24
1/27/23, 4:15:00 PM,C,19.5
1/27/23, 6:15:00 PM,C,8.375
1/27/23, 8:15:00 PM,C,5.25
1/27/23, 10:15:00 PM,C,4
1/28/23, 12:15:00 AM,C,2.875
1/28/23, 2:15:00 AM,C,1.625
1/28/23, 4:15:00 AM,C,2.25
1/28/23, 6:15:00 AM,C,0.125
1/28/23, 8:15:00 AM,C,6.875
1/28/23, 10:15:00 AM,C,16.125
1/28/23, 12:15:00 PM,C,18.625
1/28/23, 2:15:00 PM,C,21.625
1/28/23, 4:15:00 PM,C,16.875
1/28/23, 6:15:00 PM,C,8.125
1/28/23, 8:15:00 PM,C,6.375
1/28/23, 10:15:00 PM,C,3.875
1/29/23, 12:15:00 AM,C,2.625
1/29/23, 2:15:00 AM,C,2.375
1/29/23, 4:15:00 AM,C,1.375
1/29/23, 6:15:00 AM,C,1.375
1/29/23, 8:15:00 AM,C,7
1/29/23, 10:15:00 AM,C,19
1/29/23, 12:15:00 PM,C,15.375
1/29/23, 2:15:00 PM,C,14.625
1/29/23, 4:15:00 PM,C,12.875
1/29/23, 6:15:00 PM,C,7
1/29/23, 8:15:00 PM,C,7.625
1/29/23, 10:15:00 PM,C,7.75
1/30/23, 12:15:00 AM,C,6.375
1/30/23, 2:15:00 AM,C,6
1/30/23, 4:15:00 AM,C,6.375
1/30/23, 6:15:00 AM,C,5.375
1/30/23, 8:15:00 AM,C,7.875
1/30/23, 10:15:00 AM,C,7.5
1/30/23, 12:15:00 PM,C,7.625
1/30/23, 2:15:00 PM,C,7.625
1/30/23, 4:15:00 PM,C,6.75
1/30/23, 6:15:00 PM,C,6
1/30/23, 8:15:00 PM,C,5.375
1/30/23, 10:15:00 PM,C,5.875
1/31/23, 12:15:00 AM,C,5.875
1/31/23, 2:15:00 AM,C,5.25
1/31/23, 4:15:00 AM,C,5.375
1/31/23, 6:15:00 AM,C,4.875
1/31/23, 8:15:00 AM,C,11.25
1/31/23, 10:15:00 AM,C,17.125
1/31/23, 12:15:00 PM,C,18
1/31/23, 2:15:00 PM,C,17.625
1/31/23, 4:15:00 PM,C,14.875
1/31/23, 6:15:00 PM,C,5.25
1/31/23, 8:15:00 PM,C,4.375
1/31/23, 10:15:00 PM,C,2
2/1/23, 12:15:00 AM,C,1.75
2/1/23, 2:15:00 AM,C,0
2/1/23, 4:15:00 AM,C,-1
2/1/23, 6:15:00 AM,C,-1.5
2/1/23, 8:15:00 AM,C,8.125
2/1/23, 10:15:00 AM,C,16.875
2/1/23, 12:15:00 PM,C,20.625
2/1/23, 2:15:00 PM,C,21.625
2/1/23, 4:15:00 PM,C,17.75
2/1/23, 6:15:00 PM,C,7.875
2/1/23, 8:15:00 PM,C,5.875
2/1/23, 10:15:00 PM,C,2.5
2/2/23, 12:15:00 AM,C,2.125
2/2/23, 2:15:00 AM,C,0.625
2/2/23, 4:15:00 AM,C,1.125
2/2/23, 6:15:00 AM,C,-0.375
2/2/23, 8:15:00 AM,C,6.5
2/2/23, 10:15:00 AM,C,16.5
2/2/23, 12:15:00 PM,C,19.75
2/2/23, 2:15:00 PM,C,21.125
2/2/23, 4:15:00 PM,C,18.125
2/2/23, 6:15:00 PM,C,10.25
2/2/23, 8:15:00 PM,C,6.375
2/2/23, 10:15:00 PM,C,6.375
2/3/23, 12:15:00 AM,C,5.875
2/3/23, 2:15:00 AM,C,5.375
2/3/23, 4:15:00 AM,C,5
2/3/23, 6:15:00 AM,C,4.5
2/3/23, 8:15:00 AM,C,7.25
2/3/23, 10:15:00 AM,C,20.5
2/3/23, 12:15:00 PM,C,24.375
2/3/23, 2:15:00 PM,C,24.5
2/3/23, 4:15:00 PM,C,22
2/3/23, 6:15:00 PM,C,11.125
2/3/23, 8:15:00 PM,C,6.25
2/3/23, 10:15:00 PM,C,5.75
2/4/23, 12:15:00 AM,C,3
2/4/23, 2:15:00 AM,C,2.375
2/4/23, 4:15:00 AM,C,2
2/4/23, 6:15:00 AM,C,1.5
2/4/23, 8:15:00 AM,C,9.875
2/4/23, 10:15:00 AM,C,18
2/4/23, 12:15:00 PM,C,24
2/4/23, 2:15:00 PM,C,26.375
2/4/23, 4:15:00 PM,C,25
2/4/23, 6:15:00 PM,C,13.75
2/4/23, 8:15:00 PM,C,11
2/4/23, 10:15:00 PM,C,10.25
2/5/23, 12:15:00 AM,C,12.625
2/5/23, 2:15:00 AM,C,11.625
2/5/23, 4:15:00 AM,C,11.125
2/5/23, 6:15:00 AM,C,8.25
2/5/23, 8:15:00 AM,C,10.875
2/5/23, 10:15:00 AM,C,19.625
2/5/23, 12:15:00 PM,C,14.75
2/5/23, 2:15:00 PM,C,18.25
2/5/23, 4:15:00 PM,C,13.5
2/5/23, 6:15:00 PM,C,10.125
2/5/23, 8:15:00 PM,C,8.125
2/5/23, 10:15:00 PM,C,6.125
2/6/23, 12:15:00 AM,C,5.375
2/6/23, 2:15:00 AM,C,6.375
2/6/23, 4:15:00 AM,C,6.375
2/6/23, 6:15:00 AM,C,6.375
2/6/23, 8:15:00 AM,C,8.25
2/6/23, 10:15:00 AM,C,19
2/6/23, 12:15:00 PM,C,15.125
2/6/23, 2:15:00 PM,C,20.875
2/6/23, 4:15:00 PM,C,13.375
2/6/23, 6:15:00 PM,C,6.25
2/6/23, 8:15:00 PM,C,4.125
2/6/23, 10:15:00 PM,C,2.5
2/7/23, 12:15:00 AM,C,2.5
2/7/23, 2:15:00 AM,C,0.25
2/7/23, 4:15:00 AM,C,0.375
2/7/23, 6:15:00 AM,C,-0.375
2/7/23, 8:15:00 AM,C,11.875
2/7/23, 10:15:00 AM,C,15.875
2/7/23, 12:15:00 PM,C,19.375
2/7/23, 2:15:00 PM,C,21.25
2/7/23, 4:15:00 PM,C,15.75
2/7/23, 6:15:00 PM,C,10.375
2/7/23, 8:15:00 PM,C,9.125
2/7/23, 10:15:00 PM,C,4.25
2/8/23, 12:15:00 AM,C,3.5
2/8/23, 2:15:00 AM,C,3.625
2/8/23, 4:15:00 AM,C,1.375
2/8/23, 6:15:00 AM,C,1
2/8/23, 8:15:00 AM,C,11.125
2/8/23, 10:15:00 AM,C,18.25
2/8/23, 12:15:00 PM,C,20.75
2/8/23, 2:15:00 PM,C,23
2/8/23, 4:15:00 PM,C,21.125
2/8/23, 6:15:00 PM,C,10.25
2/8/23, 8:15:00 PM,C,7.125
2/8/23, 10:15:00 PM,C,4.625
2/9/23, 12:15:00 AM,C,4.75
2/9/23, 2:15:00 AM,C,2.625
2/9/23, 4:15:00 AM,C,1.625
2/9/23, 6:15:00 AM,C,2.125
2/9/23, 8:15:00 AM,C,12.125
2/9/23, 10:15:00 AM,C,20.75
2/9/23, 12:15:00 PM,C,24.125
2/9/23, 2:15:00 PM,C,25.875
2/9/23, 4:15:00 PM,C,21.125
2/9/23, 6:15:00 PM,C,10
2/9/23, 8:15:00 PM,C,8.375
2/9/23, 10:15:00 PM,C,6.75
2/10/23, 12:15:00 AM,C,5.875
2/10/23, 2:15:00 AM,C,4
2/10/23, 4:15:00 AM,C,3.125
2/10/23, 6:15:00 AM,C,3.5
2/10/23, 8:15:00 AM,C,12.125
2/10/23, 10:15:00 AM,C,21.5
2/10/23, 12:15:00 PM,C,26.375
2/10/23, 2:15:00 PM,C,26.375
2/10/23, 4:15:00 PM,C,21.625
2/10/23, 6:15:00 PM,C,15.25
2/10/23, 8:15:00 PM,C,13.375
2/10/23, 10:15:00 PM,C,11.875
2/11/23, 12:15:00 AM,C,9
2/11/23, 2:15:00 AM,C,10.25
2/11/23, 4:15:00 AM,C,9.875
2/11/23, 6:15:00 AM,C,9
2/11/23, 8:15:00 AM,C,9.375
2/11/23, 10:15:00 AM,C,14.625
2/11/23, 12:15:00 PM,C,18.375
2/11/23, 2:15:00 PM,C,20.75
2/11/23, 4:15:00 PM,C,17.625
2/11/23, 6:15:00 PM,C,7.375
2/11/23, 8:15:00 PM,C,6.375
2/11/23, 10:15:00 PM,C,3.125
2/12/23, 12:15:00 AM,C,2.25
2/12/23, 2:15:00 AM,C,1.5
2/12/23, 4:15:00 AM,C,0.875
2/12/23, 6:15:00 AM,C,3.375
2/12/23, 8:15:00 AM,C,7.25
2/12/23, 10:15:00 AM,C,14
2/12/23, 12:15:00 PM,C,17.5
2/12/23, 2:15:00 PM,C,19.875
2/12/23, 4:15:00 PM,C,13.625
2/12/23, 6:15:00 PM,C,9
2/12/23, 8:15:00 PM,C,6.125
2/12/23, 10:15:00 PM,C,5.125
2/13/23, 12:15:00 AM,C,3
2/13/23, 2:15:00 AM,C,1.75
2/13/23, 4:15:00 AM,C,1.125
2/13/23, 6:15:00 AM,C,2.25
2/13/23, 8:15:00 AM,C,15.875
2/13/23, 10:15:00 AM,C,21.125
2/13/23, 12:15:00 PM,C,25.625
2/13/23, 2:15:00 PM,C,25.875
2/13/23, 4:15:00 PM,C,23.75
2/13/23, 6:15:00 PM,C,12.625
2/13/23, 8:15:00 PM,C,10.625
2/13/23, 10:15:00 PM,C,10.5
2/14/23, 12:15:00 AM,C,5
2/14/23, 2:15:00 AM,C,7.125
2/14/23, 4:15:00 AM,C,8
2/14/23, 6:15:00 AM,C,9.5
2/14/23, 8:15:00 AM,C,9.875
2/14/23, 10:15:00 AM,C,14.625
2/14/23, 12:15:00 PM,C,17.5
2/14/23, 2:15:00 PM,C,15.375
2/14/23, 4:15:00 PM,C,12.875
2/14/23, 6:15:00 PM,C,9.625
2/14/23, 8:15:00 PM,C,8.75
2/14/23, 10:15:00 PM,C,5.625
2/15/23, 12:15:00 AM,C,0.625
2/15/23, 2:15:00 AM,C,-0.75
2/15/23, 4:15:00 AM,C,-0.75
2/15/23, 6:15:00 AM,C,-2.5
2/15/23, 8:15:00 AM,C,8
2/15/23, 10:15:00 AM,C,12.5
2/15/23, 12:15:00 PM,C,16.75
2/15/23, 2:15:00 PM,C,18.625
2/15/23, 4:15:00 PM,C,17
2/15/23, 6:15:00 PM,C,5.375
2/15/23, 8:15:00 PM,C,1.375
2/15/23, 10:15:00 PM,C,1.25
2/16/23, 12:15:00 AM,C,-0.375
2/16/23, 2:15:00 AM,C,-2.25
2/16/23, 4:15:00 AM,C,-3.75
2/16/23, 6:15:00 AM,C,-3.5
2/16/23, 8:15:00 AM,C,9.375
2/16/23, 10:15:00 AM,C,18.125
2/16/23, 12:15:00 PM,C,19.5
2/16/23, 2:15:00 PM,C,24.125
2/16/23, 4:15:00 PM,C,17.375
2/16/23, 6:15:00 PM,C,10.25
2/16/23, 8:15:00 PM,C,5.75
2/16/23, 10:15:00 PM,C,8
2/17/23, 12:15:00 AM,C,5
2/17/23, 2:15:00 AM,C,5.875
2/17/23, 4:15:00 AM,C,3.25
2/17/23, 6:15:00 AM,C,3.75
2/17/23, 8:15:00 AM,C,10.375
2/17/23, 10:15:00 AM,C,20.5
2/17/23, 12:15:00 PM,C,20.375
2/17/23, 2:15:00 PM,C,19.875
2/17/23, 4:15:00 PM,C,15.75
2/17/23, 6:15:00 PM,C,12.25
2/17/23, 8:15:00 PM,C,6
2/17/23, 10:15:00 PM,C,4.125
2/18/23, 12:15:00 AM,C,1.875
2/18/23, 2:15:00 AM,C,1.125
2/18/23, 4:15:00 AM,C,-1.25
2/18/23, 6:15:00 AM,C,-1.5
2/18/23, 8:15:00 AM,C,13.375
2/18/23, 10:15:00 AM,C,20.5
2/18/23, 12:15:00 PM,C,23.375
2/18/23, 2:15:00 PM,C,24.375
2/18/23, 4:15:00 PM,C,24.375
2/18/23, 6:15:00 PM,C,9.75
2/18/23, 8:15:00 PM,C,6.125
2/18/23, 10:15:00 PM,C,3.75
2/19/23, 12:15:00 AM,C,2.375
2/19/23, 2:15:00 AM,C,1.75
2/19/23, 4:15:00 AM,C,-0.25
2/19/23, 6:15:00 AM,C,-0.125
2/19/23, 8:15:00 AM,C,14
2/19/23, 10:15:00 AM,C,21.5
2/19/23, 12:15:00 PM,C,22.25
2/19/23, 2:15:00 PM,C,26
2/19/23, 4:15:00 PM,C,22
2/19/23, 6:15:00 PM,C,9
2/19/23, 8:15:00 PM,C,7.25
2/19/23, 10:15:00 PM,C,3.875
2/20/23, 12:15:00 AM,C,3.125
2/20/23, 2:15:00 AM,C,1.875
2/20/23, 4:15:00 AM,C,1.25
2/20/23, 6:15:00 AM,C,1.875
2/20/23, 8:15:00 AM,C,13.125
2/20/23, 10:15:00 AM,C,21.125
2/20/23, 12:15:00 PM,C,26.375
2/20/23, 2:15:00 PM,C,26.375
2/20/23, 4:15:00 PM,C,24.75
2/20/23, 6:15:00 PM,C,15.375
2/20/23, 8:15:00 PM,C,9
2/20/23, 10:15:00 PM,C,8.125
2/21/23, 12:15:00 AM,C,5.5
2/21/23, 2:15:00 AM,C,3.875
2/21/23, 4:15:00 AM,C,3.25
2/21/23, 6:15:00 AM,C,1.625
2/21/23, 8:15:00 AM,C,16.125
2/21/23, 10:15:00 AM,C,22.75
2/21/23, 12:15:00 PM,C,26.125
2/21/23, 2:15:00 PM,C,26.375
2/21/23, 4:15:00 PM,C,21
2/21/23, 6:15:00 PM,C,16.125
2/21/23, 8:15:00 PM,C,9.875
2/21/23, 10:15:00 PM,C,7.875
2/22/23, 12:15:00 AM,C,6.375
2/22/23, 2:15:00 AM,C,5.875
2/22/23, 4:15:00 AM,C,5.25
2/22/23, 6:15:00 AM,C,4.875
2/22/23, 8:15:00 AM,C,10.75
2/22/23, 10:15:00 AM,C,11.5
2/22/23, 12:15:00 PM,C,8.875
2/22/23, 2:15:00 PM,C,17.75
2/22/23, 4:15:00 PM,C,14.375
2/22/23, 6:15:00 PM,C,4.75
2/22/23, 8:15:00 PM,C,3.625
2/22/23, 10:15:00 PM,C,1.75
2/23/23, 12:15:00 AM,C,0.25
2/23/23, 2:15:00 AM,C,0.375
2/23/23, 4:15:00 AM,C,1.625
2/23/23, 6:15:00 AM,C,0.375
2/23/23, 8:15:00 AM,C,7
2/23/23, 10:15:00 AM,C,14.125
2/23/23, 12:15:00 PM,C,16.25
2/23/23, 2:15:00 PM,C,13.125
2/23/23, 4:15:00 PM,C,10.75
2/23/23, 6:15:00 PM,C,3.5
2/23/23, 8:15:00 PM,C,2.125
2/23/23, 10:15:00 PM,C,2.75
2/24/23, 12:15:00 AM,C,5.75
2/24/23, 2:15:00 AM,C,6.125
2/24/23, 4:15:00 AM,C,8.75
2/24/23, 6:15:00 AM,C,8.75
2/24/23, 8:15:00 AM,C,12.375
2/24/23, 10:15:00 AM,C,15
2/24/23, 12:15:00 PM,C,19.375
2/24/23, 2:15:00 PM,C,18.125
2/24/23, 4:15:00 PM,C,16.125
2/24/23, 6:15:00 PM,C,9.375
2/24/23, 8:15:00 PM,C,6.125
2/24/23, 10:15:00 PM,C,4.625
2/25/23, 12:15:00 AM,C,2.375
2/25/23, 2:15:00 AM,C,2.875
2/25/23, 4:15:00 AM,C,3.375
2/25/23, 6:15:00 AM,C,3.5
2/25/23, 8:15:00 AM,C,4.75
2/25/23, 10:15:00 AM,C,6.25
2/25/23, 12:15:00 PM,C,7.875
2/25/23, 2:15:00 PM,C,12.875
2/25/23, 4:15:00 PM,C,9
2/25/23, 6:15:00 PM,C,7.125
2/25/23, 8:15:00 PM,C,5.875
2/25/23, 10:15:00 PM,C,4.875
2/26/23, 12:15:00 AM,C,4.875
2/26/23, 2:15:00 AM,C,3.375
2/26/23, 4:15:00 AM,C,4.5
2/26/23, 6:15:00 AM,C,4.25
2/26/23, 8:15:00 AM,C,8.5
2/26/23, 10:15:00 AM,C,14.75
2/26/23, 12:15:00 PM,C,16.125
2/26/23, 2:15:00 PM,C,19.875
2/26/23, 4:15:00 PM,C,13
2/26/23, 6:15:00 PM,C,10.5
2/26/23, 8:15:00 PM,C,9.5
2/26/23, 10:15:00 PM,C,6.625
2/27/23, 12:15:00 AM,C,7.375
2/27/23, 2:15:00 AM,C,6.25
2/27/23, 4:15:00 AM,C,3.75
2/27/23, 6:15:00 AM,C,5.875
2/27/23, 8:15:00 AM,C,8.75
2/27/23, 10:15:00 AM,C,16.625
2/27/23, 12:15:00 PM,C,18
2/27/23, 2:15:00 PM,C,19.375
2/27/23, 4:15:00 PM,C,14.75
2/27/23, 6:15:00 PM,C,11.625
2/27/23, 8:15:00 PM,C,10.5
2/27/23, 10:15:00 PM,C,9
2/28/23, 12:15:00 AM,C,7.25
2/28/23, 2:15:00 AM,C,5.625
2/28/23, 4:15:00 AM,C,4.25
2/28/23, 6:15:00 AM,C,4.5
2/28/23, 8:15:00 AM,C,14.375
2/28/23, 10:15:00 AM,C,18
2/28/23, 12:15:00 PM,C,18.25
2/28/23, 2:15:00 PM,C,22.625
2/28/23, 4:15:00 PM,C,13
2/28/23, 6:15:00 PM,C,8.625
2/28/23, 8:15:00 PM,C,8.125
2/28/23, 10:15:00 PM,C,7.875
3/1/23, 12:15:00 AM,C,7.75
3/1/23, 2:15:00 AM,C,7.75
3/1/23, 4:15:00 AM,C,5.625
3/1/23, 6:15:00 AM,C,3.875
3/1/23, 8:15:00 AM,C,5
3/1/23, 10:15:00 AM,C,4.125
3/1/23, 12:15:00 PM,C,4.875
3/1/23, 2:15:00 PM,C,11.375
3/1/23, 4:15:00 PM,C,8.875
3/1/23, 6:15:00 PM,C,7.125
3/1/23, 8:15:00 PM,C,6.25
3/1/23, 10:15:00 PM,C,5.125
3/2/23, 12:15:00 AM,C,2.25
3/2/23, 2:15:00 AM,C,0.625
3/2/23, 4:15:00 AM,C,0.5
3/2/23, 6:15:00 AM,C,0
3/2/23, 8:15:00 AM,C,11.5
3/2/23, 10:15:00 AM,C,15.5
3/2/23, 12:15:00 PM,C,19
3/2/23, 2:15:00 PM,C,18.875
3/2/23, 4:15:00 PM,C,18.625
3/2/23, 6:15:00 PM,C,9
3/2/23, 8:15:00 PM,C,5.875
3/2/23, 10:15:00 PM,C,3.125
3/3/23, 12:15:00 AM,C,3.125
3/3/23, 2:15:00 AM,C,2.375
3/3/23, 4:15:00 AM,C,1
3/3/23, 6:15:00 AM,C,-0.375
3/3/23, 8:15:00 AM,C,12.5
3/3/23, 10:15:00 AM,C,20.875
3/3/23, 12:15:00 PM,C,22.25
3/3/23, 2:15:00 PM,C,22.125
3/3/23, 4:15:00 PM,C,21.25
3/3/23, 6:15:00 PM,C,10.5
3/3/23, 8:15:00 PM,C,7.25
3/3/23, 10:15:00 PM,C,5.125
3/4/23, 12:15:00 AM,C,4.25
3/4/23, 2:15:00 AM,C,2.75
3/4/23, 4:15:00 AM,C,1.75
3/4/23, 6:15:00 AM,C,1.25
3/4/23, 8:15:00 AM,C,10.5
3/4/23, 10:15:00 AM,C,15.25
3/4/23, 12:15:00 PM,C,20
3/4/23, 2:15:00 PM,C,16.625
3/4/23, 4:15:00 PM,C,14.5
3/4/23, 6:15:00 PM,C,11.75
3/4/23, 8:15:00 PM,C,8.875
3/4/23, 10:15:00 PM,C,3.375
3/5/23, 12:15:00 AM,C,4.75
3/5/23, 2:15:00 AM,C,3.25
3/5/23, 4:15:00 AM,C,7
3/5/23, 6:15:00 AM,C,7.125
3/5/23, 8:15:00 AM,C,9.875
3/5/23, 10:15:00 AM,C,19.875
3/5/23, 12:15:00 PM,C,20
3/5/23, 2:15:00 PM,C,19.75
3/5/23, 4:15:00 PM,C,14.625
3/5/23, 6:15:00 PM,C,12
3/5/23, 8:15:00 PM,C,9.75
3/5/23, 10:15:00 PM,C,9.25
3/6/23, 12:15:00 AM,C,7.375
3/6/23, 2:15:00 AM,C,3.875
3/6/23, 4:15:00 AM,C,3.25
3/6/23, 6:15:00 AM,C,4.125
3/6/23, 8:15:00 AM,C,13.875
3/6/23, 10:15:00 AM,C,18.75
3/6/23, 12:15:00 PM,C,21.125
3/6/23, 2:15:00 PM,C,21.875
3/6/23, 4:15:00 PM,C,14.75
3/6/23, 6:15:00 PM,C,12.125
3/6/23, 8:15:00 PM,C,10.25
3/6/23, 10:15:00 PM,C,7
3/7/23, 12:15:00 AM,C,5.75
3/7/23, 2:15:00 AM,C,3
3/7/23, 4:15:00 AM,C,1.25
3/7/23, 6:15:00 AM,C,1
3/7/23, 8:15:00 AM,C,8.125
3/7/23, 10:15:00 AM,C,18.25
3/7/23, 12:15:00 PM,C,20
3/7/23, 2:15:00 PM,C,14.75
3/7/23, 4:15:00 PM,C,15.125
3/7/23, 6:15:00 PM,C,10.125
3/7/23, 8:15:00 PM,C,6
3/7/23, 10:15:00 PM,C,4
3/8/23, 12:15:00 AM,C,1.625
3/8/23, 2:15:00 AM,C,0.625
3/8/23, 4:15:00 AM,C,0.5
3/8/23, 6:15:00 AM,C,0.75
3/8/23, 8:15:00 AM,C,10
3/8/23, 10:15:00 AM,C,16.5
3/8/23, 12:15:00 PM,C,18.625
3/8/23, 2:15:00 PM,C,23.375
3/8/23, 4:15:00 PM,C,18.625
3/8/23, 6:15:00 PM,C,8.75
3/8/23, 8:15:00 PM,C,6.125
3/8/23, 10:15:00 PM,C,4.25
3/9/23, 12:15:00 AM,C,3.125
3/9/23, 2:15:00 AM,C,2.25
3/9/23, 4:15:00 AM,C,2.5
3/9/23, 6:15:00 AM,C,2.625
3/9/23, 8:15:00 AM,C,15.375
3/9/23, 10:15:00 AM,C,20.625
3/9/23, 12:15:00 PM,C,23.375
3/9/23, 2:15:00 PM,C,25.125
3/9/23, 4:15:00 PM,C,18.625
3/9/23, 6:15:00 PM,C,12.5
3/9/23, 8:15:00 PM,C,12.5
3/9/23, 10:15:00 PM,C,11.75
3/10/23, 12:15:00 AM,C,11.25
3/10/23, 2:15:00 AM,C,12.375
3/10/23, 4:15:00 AM,C,13.75
3/10/23, 6:15:00 AM,C,14.125
3/10/23, 8:15:00 AM,C,16.25
3/10/23, 10:15:00 AM,C,17.625
3/10/23, 12:15:00 PM,C,18.625
3/10/23, 2:15:00 PM,C,16.875
3/10/23, 4:15:00 PM,C,16
3/10/23, 6:15:00 PM,C,15.25
3/10/23, 8:15:00 PM,C,14.875
3/10/23, 10:15:00 PM,C,14.75
3/11/23, 12:15:00 AM,C,13.875
3/11/23, 2:15:00 AM,C,13.25
3/11/23, 4:15:00 AM,C,13
3/11/23, 6:15:00 AM,C,12.625
3/11/23, 8:15:00 AM,C,18.375
3/11/23, 10:15:00 AM,C,21.625
3/11/23, 12:15:00 PM,C,26
3/11/23, 2:15:00 PM,C,25.25
3/11/23, 4:15:00 PM,C,22.625
3/11/23, 6:15:00 PM,C,15.625
3/11/23, 8:15:00 PM,C,15.25
3/11/23, 10:15:00 PM,C,11.125
3/12/23, 12:15:00 AM,C,10
3/12/23, 3:15:00 AM,C,8.875
3/12/23, 5:15:00 AM,C,8.625
3/12/23, 7:15:00 AM,C,7.5
3/12/23, 9:15:00 AM,C,21.125
3/12/23, 11:15:00 AM,C,25
3/12/23, 1:15:00 PM,C,26.375
3/12/23, 3:15:00 PM,C,26.375
3/12/23, 5:15:00 PM,C,23.5
3/12/23, 7:15:00 PM,C,17.75
3/12/23, 9:15:00 PM,C,15.75
3/12/23, 11:15:00 PM,C,15.5
3/13/23, 1:15:00 AM,C,14.25
3/13/23, 3:15:00 AM,C,12.5
3/13/23, 5:15:00 AM,C,9.75
3/13/23, 7:15:00 AM,C,10.125
3/13/23, 9:15:00 AM,C,21.5
3/13/23, 11:15:00 AM,C,26.375
3/13/23, 1:15:00 PM,C,26.375
3/13/23, 3:15:00 PM,C,26
3/13/23, 5:15:00 PM,C,25.25
3/13/23, 7:15:00 PM,C,18.5
3/13/23, 9:15:00 PM,C,14
3/13/23, 11:15:00 PM,C,13.375
3/14/23, 1:15:00 AM,C,12.375
3/14/23, 3:15:00 AM,C,13
3/14/23, 5:15:00 AM,C,12.875
3/14/23, 7:15:00 AM,C,13.375
3/14/23, 9:15:00 AM,C,13.875
3/14/23, 11:15:00 AM,C,15.125
3/14/23, 1:15:00 PM,C,15.625
3/14/23, 3:15:00 PM,C,18.375
3/14/23, 5:15:00 PM,C,17.875
3/14/23, 7:15:00 PM,C,15.875
3/14/23, 9:15:00 PM,C,15.375
3/14/23, 11:15:00 PM,C,15.5
3/15/23, 1:15:00 AM,C,13.375
3/15/23, 3:15:00 AM,C,13.625
3/15/23, 5:15:00 AM,C,13.125
3/15/23, 7:15:00 AM,C,12.625
3/15/23, 9:15:00 AM,C,12.125
3/15/23, 11:15:00 AM,C,13.5
3/15/23, 1:15:00 PM,C,15.125
3/15/23, 3:15:00 PM,C,16
3/15/23, 5:15:00 PM,C,15.125
3/15/23, 7:15:00 PM,C,13.125
3/15/23, 9:15:00 PM,C,8.75
3/15/23, 11:15:00 PM,C,8.125
3/16/23, 1:15:00 AM,C,8.25
3/16/23, 3:15:00 AM,C,7.25
3/16/23, 5:15:00 AM,C,8.375
3/16/23, 7:15:00 AM,C,8.625
3/16/23, 9:15:00 AM,C,19.625
3/16/23, 11:15:00 AM,C,22.25
3/16/23, 1:15:00 PM,C,22.5
3/16/23, 3:15:00 PM,C,20.875
3/16/23, 5:15:00 PM,C,18.75
3/16/23, 7:15:00 PM,C,15.5
3/16/23, 9:15:00 PM,C,11.375
3/16/23, 11:15:00 PM,C,9.5
3/17/23, 1:15:00 AM,C,8.375
3/17/23, 3:15:00 AM,C,7.375
3/17/23, 5:15:00 AM,C,6.25
3/17/23, 7:15:00 AM,C,6.25
3/17/23, 9:15:00 AM,C,17.75
3/17/23, 11:15:00 AM,C,22.125
3/17/23, 1:15:00 PM,C,24.5
3/17/23, 3:15:00 PM,C,26.375
3/17/23, 5:15:00 PM,C,21
3/17/23, 7:15:00 PM,C,16
3/17/23, 9:15:00 PM,C,13.5
3/17/23, 11:15:00 PM,C,10.875
3/18/23, 1:15:00 AM,C,9
3/18/23, 3:15:00 AM,C,6.75
3/18/23, 5:15:00 AM,C,5.5
3/18/23, 7:15:00 AM,C,5.5
3/18/23, 9:15:00 AM,C,15.875
3/18/23, 11:15:00 AM,C,26
3/18/23, 1:15:00 PM,C,26.375
3/18/23, 3:15:00 PM,C,26.375
3/18/23, 5:15:00 PM,C,20.875
3/18/23, 7:15:00 PM,C,16.375
3/18/23, 9:15:00 PM,C,17.25
3/18/23, 11:15:00 PM,C,14.75
3/19/23, 1:15:00 AM,C,14.25
3/19/23, 3:15:00 AM,C,17.375
3/19/23, 5:15:00 AM,C,11.125
3/19/23, 7:15:00 AM,C,10.625
3/19/23, 9:15:00 AM,C,15.25
3/19/23, 11:15:00 AM,C,16.625
3/19/23, 1:15:00 PM,C,19.75
3/19/23, 3:15:00 PM,C,19.5
3/19/23, 5:15:00 PM,C,14.875
3/19/23, 7:15:00 PM,C,13.5
3/19/23, 9:15:00 PM,C,13.75
3/19/23, 11:15:00 PM,C,12.25
3/20/23, 1:15:00 AM,C,12.5
3/20/23, 3:15:00 AM,C,12.625
3/20/23, 5:15:00 AM,C,12.5
3/20/23, 7:15:00 AM,C,11.75
3/20/23, 9:15:00 AM,C,16
3/20/23, 11:15:00 AM,C,22.625
3/20/23, 1:15:00 PM,C,23.375
3/20/23, 3:15:00 PM,C,25.875
3/20/23, 5:15:00 PM,C,19.5
3/20/23, 7:15:00 PM,C,15.75
3/20/23, 9:15:00 PM,C,14
3/20/23, 11:15:00 PM,C,13.375
3/21/23, 1:15:00 AM,C,12.75
3/21/23, 3:15:00 AM,C,9.75
3/21/23, 5:15:00 AM,C,9.25
3/21/23, 7:15:00 AM,C,9.375
3/21/23, 9:15:00 AM,C,13.375
3/21/23, 11:15:00 AM,C,19.875
3/21/23, 1:15:00 PM,C,20.25
3/21/23, 3:15:00 PM,C,15
3/21/23, 5:15:00 PM,C,10.75
3/21/23, 7:15:00 PM,C,6.875
3/21/23, 9:15:00 PM,C,7.125
3/21/23, 11:15:00 PM,C,7.875
3/22/23, 1:15:00 AM,C,7.125
3/22/23, 3:15:00 AM,C,6.625
3/22/23, 5:15:00 AM,C,5.125
3/22/23, 7:15:00 AM,C,5.125
3/22/23, 9:15:00 AM,C,11.75
3/22/23, 11:15:00 AM,C,17.25
3/22/23, 1:15:00 PM,C,19.25
3/22/23, 3:15:00 PM,C,18.375
3/22/23, 5:15:00 PM,C,16
3/22/23, 7:15:00 PM,C,10.625
3/22/23, 9:15:00 PM,C,10.5
3/22/23, 11:15:00 PM,C,9.375
3/23/23, 1:15:00 AM,C,9
3/23/23, 3:15:00 AM,C,9.125
3/23/23, 5:15:00 AM,C,8.25
3/23/23, 7:15:00 AM,C,8.125
3/23/23, 9:15:00 AM,C,10.375
3/23/23, 11:15:00 AM,C,16.375
3/23/23, 1:15:00 PM,C,16.125
3/23/23, 3:15:00 PM,C,15.5
3/23/23, 5:15:00 PM,C,12.5
3/23/23, 7:15:00 PM,C,11.5
3/23/23, 9:15:00 PM,C,7.875
3/23/23, 11:15:00 PM,C,8
3/24/23, 1:15:00 AM,C,8.375
3/24/23, 3:15:00 AM,C,6
3/24/23, 5:15:00 AM,C,6.625
3/24/23, 7:15:00 AM,C,7.125
3/24/23, 9:15:00 AM,C,10
3/24/23, 11:15:00 AM,C,15.75
3/24/23, 1:15:00 PM,C,15.375
3/24/23, 3:15:00 PM,C,18.625
3/24/23, 5:15:00 PM,C,18.375
3/24/23, 7:15:00 PM,C,10.375
3/24/23, 9:15:00 PM,C,10.875
3/24/23, 11:15:00 PM,C,8.25
3/25/23, 1:15:00 AM,C,6.25
3/25/23, 3:15:00 AM,C,2.375
3/25/23, 5:15:00 AM,C,1.5
3/25/23, 7:15:00 AM,C,1.125
3/25/23, 9:15:00 AM,C,14.25
3/25/23, 11:15:00 AM,C,18
3/25/23, 1:15:00 PM,C,17.875
3/25/23, 3:15:00 PM,C,21.25
3/25/23, 5:15:00 PM,C,17.125
3/25/23, 7:15:00 PM,C,10.5
3/25/23, 9:15:00 PM,C,6
3/25/23, 11:15:00 PM,C,3.625
3/26/23, 1:15:00 AM,C,2.625
3/26/23, 3:15:00 AM,C,2
3/26/23, 5:15:00 AM,C,0
3/26/23, 7:15:00 AM,C,1.25
3/26/23, 9:15:00 AM,C,10.75
3/26/23, 11:15:00 AM,C,15.625
3/26/23, 1:15:00 PM,C,19.625
3/26/23, 3:15:00 PM,C,21.375
3/26/23, 5:15:00 PM,C,20.875
3/26/23, 7:15:00 PM,C,11
3/26/23, 9:15:00 PM,C,7.75
3/26/23, 11:15:00 PM,C,3.125
3/27/23, 1:15:00 AM,C,1.25
3/27/23, 3:15:00 AM,C,0.625
3/27/23, 5:15:00 AM,C,0
3/27/23, 7:15:00 AM,C,0.75
3/27/23, 9:15:00 AM,C,14.625
3/27/23, 11:15:00 AM,C,22
3/27/23, 1:15:00 PM,C,24.25
3/27/23, 3:15:00 PM,C,24.875
3/27/23, 5:15:00 PM,C,24.875
3/27/23, 7:15:00 PM,C,16.125
3/27/23, 9:15:00 PM,C,12.75
3/27/23, 11:15:00 PM,C,11.625
3/28/23, 1:15:00 AM,C,8.625
3/28/23, 3:15:00 AM,C,4.875
3/28/23, 5:15:00 AM,C,2.375
3/28/23, 7:15:00 AM,C,2.375
3/28/23, 9:15:00 AM,C,19.875
3/28/23, 11:15:00 AM,C,26.375
3/28/23, 1:15:00 PM,C,26.375
3/28/23, 3:15:00 PM,C,26.375
3/28/23, 5:15:00 PM,C,23
3/28/23, 7:15:00 PM,C,19
3/28/23, 9:15:00 PM,C,16.75
3/28/23, 11:15:00 PM,C,14.25
3/29/23, 1:15:00 AM,C,12.375
3/29/23, 3:15:00 AM,C,9.75
3/29/23, 5:15:00 AM,C,6.875
3/29/23, 7:15:00 AM,C,6.25
3/29/23, 9:15:00 AM,C,10.5
3/29/23, 11:15:00 AM,C,16
3/29/23, 1:15:00 PM,C,20.375
3/29/23, 3:15:00 PM,C,15.125
3/29/23, 5:15:00 PM,C,16
3/29/23, 7:15:00 PM,C,8.625
3/29/23, 9:15:00 PM,C,8.375
3/29/23, 11:15:00 PM,C,7.625
3/30/23, 1:15:00 AM,C,7.75
3/30/23, 3:15:00 AM,C,7
3/30/23, 5:15:00 AM,C,5.375
3/30/23, 7:15:00 AM,C,5.25
3/30/23, 9:15:00 AM,C,9.75
3/30/23, 11:15:00 AM,C,16.25
3/30/23, 1:15:00 PM,C,18
3/30/23, 3:15:00 PM,C,16.5
3/30/23, 5:15:00 PM,C,18.375
3/30/23, 7:15:00 PM,C,11.125
3/30/23, 9:15:00 PM,C,7.25
3/30/23, 11:15:00 PM,C,5.75
3/31/23, 1:15:00 AM,C,3.875
3/31/23, 3:15:00 AM,C,3.625
3/31/23, 5:15:00 AM,C,3
3/31/23, 7:15:00 AM,C,3.75
3/31/23, 9:15:00 AM,C,16.375
3/31/23, 11:15:00 AM,C,21.5
3/31/23, 1:15:00 PM,C,23
3/31/23, 3:15:00 PM,C,25.375
3/31/23, 5:15:00 PM,C,22.25
3/31/23, 7:15:00 PM,C,14.25
3/31/23, 9:15:00 PM,C,11.125
3/31/23, 11:15:00 PM,C,8.25
4/1/23, 1:15:00 AM,C,5.375
4/1/23, 3:15:00 AM,C,6.25
4/1/23, 5:15:00 AM,C,4
4/1/23, 7:15:00 AM,C,4.5
4/1/23, 9:15:00 AM,C,15.25
4/1/23, 11:15:00 AM,C,22
4/1/23, 1:15:00 PM,C,26.375
4/1/23, 3:15:00 PM,C,26.125
4/1/23, 5:15:00 PM,C,23.875
4/1/23, 7:15:00 PM,C,14.875
4/1/23, 9:15:00 PM,C,12.125
4/1/23, 11:15:00 PM,C,8.25
4/2/23, 1:15:00 AM,C,8.375
4/2/23, 3:15:00 AM,C,8.5
4/2/23, 5:15:00 AM,C,6.125
4/2/23, 7:15:00 AM,C,6.75
4/2/23, 9:15:00 AM,C,17.875
4/2/23, 11:15:00 AM,C,23.75
4/2/23, 1:15:00 PM,C,25.625
4/2/23, 3:15:00 PM,C,26.375
4/2/23, 5:15:00 PM,C,25
4/2/23, 7:15:00 PM,C,18.125
4/2/23, 9:15:00 PM,C,14.625
4/2/23, 11:15:00 PM,C,13.5
4/3/23, 1:15:00 AM,C,11.625
4/3/23, 3:15:00 AM,C,11
4/3/23, 5:15:00 AM,C,8.5
4/3/23, 7:15:00 AM,C,8.5
4/3/23, 9:15:00 AM,C,13
4/3/23, 11:15:00 AM,C,17
4/3/23, 1:15:00 PM,C,18.875
4/3/23, 3:15:00 PM,C,17.375
4/3/23, 5:15:00 PM,C,16.75
4/3/23, 7:15:00 PM,C,10.5
4/3/23, 9:15:00 PM,C,7.875
4/3/23, 11:15:00 PM,C,6.875
4/4/23, 1:15:00 AM,C,4
4/4/23, 3:15:00 AM,C,2.125
4/4/23, 5:15:00 AM,C,0
4/4/23, 7:15:00 AM,C,1.5
4/4/23, 9:15:00 AM,C,16
4/4/23, 11:15:00 AM,C,18.5
4/4/23, 1:15:00 PM,C,19.25
4/4/23, 3:15:00 PM,C,21
4/4/23, 5:15:00 PM,C,19
4/4/23, 7:15:00 PM,C,11.25
4/4/23, 9:15:00 PM,C,6.875
4/4/23, 11:15:00 PM,C,3.875
4/5/23, 1:15:00 AM,C,2.875
4/5/23, 3:15:00 AM,C,2
4/5/23, 5:15:00 AM,C,0.125
4/5/23, 7:15:00 AM,C,2.5
4/5/23, 9:15:00 AM,C,15.5
4/5/23, 11:15:00 AM,C,20.875
4/5/23, 1:15:00 PM,C,24.125
4/5/23, 3:15:00 PM,C,25.875
4/5/23, 5:15:00 PM,C,21.375
4/5/23, 7:15:00 PM,C,14.75
4/5/23, 9:15:00 PM,C,12
4/5/23, 11:15:00 PM,C,6.625
4/6/23, 1:15:00 AM,C,4.375
4/6/23, 3:15:00 AM,C,3.625
4/6/23, 5:15:00 AM,C,2.125
4/6/23, 7:15:00 AM,C,2.75
4/6/23, 9:15:00 AM,C,17.625
4/6/23, 11:15:00 AM,C,23
4/6/23, 1:15:00 PM,C,26.375
4/6/23, 3:15:00 PM,C,26.375
4/6/23, 5:15:00 PM,C,26.375
4/6/23, 7:15:00 PM,C,16.5
4/6/23, 9:15:00 PM,C,11.75
4/6/23, 11:15:00 PM,C,10.25
4/7/23, 1:15:00 AM,C,10.75
4/7/23, 3:15:00 AM,C,10.625
4/7/23, 5:15:00 AM,C,9.375
4/7/23, 7:15:00 AM,C,9.75
4/7/23, 9:15:00 AM,C,24.25
4/7/23, 11:15:00 AM,C,26.25
4/7/23, 1:15:00 PM,C,26.375
4/7/23, 3:15:00 PM,C,26.375
4/7/23, 5:15:00 PM,C,26.25
4/7/23, 7:15:00 PM,C,19.125
4/7/23, 9:15:00 PM,C,18.25
4/7/23, 11:15:00 PM,C,16.375
4/8/23, 1:15:00 AM,C,14.75
4/8/23, 3:15:00 AM,C,12
4/8/23, 5:15:00 AM,C,11.375
4/8/23, 7:15:00 AM,C,12.875
4/8/23, 9:15:00 AM,C,22.125
4/8/23, 11:15:00 AM,C,25.125
4/8/23, 1:15:00 PM,C,26.375
4/8/23, 3:15:00 PM,C,26.375
4/8/23, 5:15:00 PM,C,26.375
4/8/23, 7:15:00 PM,C,19.75
4/8/23, 9:15:00 PM,C,17.125
4/8/23, 11:15:00 PM,C,12.375
4/9/23, 1:15:00 AM,C,10.75
4/9/23, 3:15:00 AM,C,9.25
4/9/23, 5:15:00 AM,C,9
4/9/23, 7:15:00 AM,C,11.375
4/9/23, 9:15:00 AM,C,23.75
4/9/23, 11:15:00 AM,C,26.375
4/9/23, 1:15:00 PM,C,26.375
4/9/23, 3:15:00 PM,C,26.375
4/9/23, 5:15:00 PM,C,26.375
4/9/23, 7:15:00 PM,C,21.875
4/9/23, 9:15:00 PM,C,19
4/9/23, 11:15:00 PM,C,14.875
4/10/23, 1:15:00 AM,C,12.625
4/10/23, 3:15:00 AM,C,11.75
4/10/23, 5:15:00 AM,C,10.375
4/10/23, 7:15:00 AM,C,13.25
4/10/23, 9:15:00 AM,C,25.875
4/10/23, 11:15:00 AM,C,26.375
4/10/23, 1:15:00 PM,C,26.375
4/10/23, 3:15:00 PM,C,26.375
4/10/23, 5:15:00 PM,C,26.375
4/10/23, 7:15:00 PM,C,26.375
4/10/23, 9:15:00 PM,C,20.125
4/10/23, 11:15:00 PM,C,17.625
4/11/23, 1:15:00 AM,C,14.125
4/11/23, 3:15:00 AM,C,16
4/11/23, 5:15:00 AM,C,13.25
4/11/23, 7:15:00 AM,C,16
4/11/23, 9:15:00 AM,C,24.625
4/11/23, 11:15:00 AM,C,26.375
4/11/23, 1:15:00 PM,C,26.375
4/11/23, 3:15:00 PM,C,26.375
4/11/23, 5:15:00 PM,C,26.375
4/11/23, 7:15:00 PM,C,21.375
4/11/23, 9:15:00 PM,C,18.625
4/11/23, 11:15:00 PM,C,14.125
4/12/23, 1:15:00 AM,C,16
4/12/23, 3:15:00 AM,C,14.75
4/12/23, 5:15:00 AM,C,14
4/12/23, 7:15:00 AM,C,13.625
4/12/23, 9:15:00 AM,C,15.375
4/12/23, 11:15:00 AM,C,22.875
4/12/23, 1:15:00 PM,C,26.375
4/12/23, 3:15:00 PM,C,26.25
4/12/23, 5:15:00 PM,C,25.625
4/12/23, 7:15:00 PM,C,18.75
4/12/23, 9:15:00 PM,C,17.375
4/12/23, 11:15:00 PM,C,14.25
4/13/23, 1:15:00 AM,C,12.125
4/13/23, 3:15:00 AM,C,11.125
4/13/23, 5:15:00 AM,C,10.875
4/13/23, 7:15:00 AM,C,10.375
4/13/23, 9:15:00 AM,C,16.375
4/13/23, 11:15:00 AM,C,21.875
4/13/23, 1:15:00 PM,C,22.25
4/13/23, 3:15:00 PM,C,25.375
4/13/23, 5:15:00 PM,C,22.75
4/13/23, 7:15:00 PM,C,15.5
4/13/23, 9:15:00 PM,C,12.25
4/13/23, 11:15:00 PM,C,6.875
4/14/23, 1:15:00 AM,C,6
4/14/23, 3:15:00 AM,C,4.5
4/14/23, 5:15:00 AM,C,3.375
4/14/23, 7:15:00 AM,C,9.75
4/14/23, 9:15:00 AM,C,21.5
4/14/23, 11:15:00 AM,C,26.375
4/14/23, 1:15:00 PM,C,25.625
4/14/23, 3:15:00 PM,C,26.375
4/14/23, 5:15:00 PM,C,26.375
4/14/23, 7:15:00 PM,C,18
4/14/23, 9:15:00 PM,C,16
4/14/23, 11:15:00 PM,C,9
4/15/23, 1:15:00 AM,C,7.75
4/15/23, 3:15:00 AM,C,7.125
4/15/23, 5:15:00 AM,C,5.625
4/15/23, 7:15:00 AM,C,11.125
4/15/23, 9:15:00 AM,C,20.25
4/15/23, 11:15:00 AM,C,26.375
4/15/23, 1:15:00 PM,C,26.375
4/15/23, 3:15:00 PM,C,26.375
4/15/23, 5:15:00 PM,C,26.375
4/15/23, 7:15:00 PM,C,21.375
4/15/23, 9:15:00 PM,C,17
4/15/23, 11:15:00 PM,C,11.75
4/16/23, 1:15:00 AM,C,12.125
4/16/23, 3:15:00 AM,C,9.875
4/16/23, 5:15:00 AM,C,8.25
4/16/23, 7:15:00 AM,C,12.375
4/16/23, 9:15:00 AM,C,22.75
4/16/23, 11:15:00 AM,C,26.375
4/16/23, 1:15:00 PM,C,26.375
4/16/23, 3:15:00 PM,C,26.375
4/16/23, 5:15:00 PM,C,26.375
4/16/23, 7:15:00 PM,C,22.125
4/16/23, 9:15:00 PM,C,19.5
4/16/23, 11:15:00 PM,C,16.875
4/17/23, 1:15:00 AM,C,14.375
4/17/23, 3:15:00 AM,C,12
4/17/23, 5:15:00 AM,C,10.5
4/17/23, 7:15:00 AM,C,13.5
4/17/23, 9:15:00 AM,C,22.875
4/17/23, 11:15:00 AM,C,26.375
4/17/23, 1:15:00 PM,C,26.375
4/17/23, 3:15:00 PM,C,26.375
4/17/23, 5:15:00 PM,C,26.375
4/17/23, 7:15:00 PM,C,19.375
4/17/23, 9:15:00 PM,C,16.125
4/17/23, 11:15:00 PM,C,13.5
4/18/23, 1:15:00 AM,C,12.625
4/18/23, 3:15:00 AM,C,10.625
4/18/23, 5:15:00 AM,C,9.625
4/18/23, 7:15:00 AM,C,10.875
4/18/23, 9:15:00 AM,C,18
4/18/23, 11:15:00 AM,C,23.5
4/18/23, 1:15:00 PM,C,25.375
4/18/23, 3:15:00 PM,C,22
4/18/23, 5:15:00 PM,C,20.625
4/18/23, 7:15:00 PM,C,15.375
4/18/23, 9:15:00 PM,C,12.875
4/18/23, 11:15:00 PM,C,11.625
4/19/23, 1:15:00 AM,C,9.625
4/19/23, 3:15:00 AM,C,7.25
4/19/23, 5:15:00 AM,C,7.375
4/19/23, 7:15:00 AM,C,8.375
4/19/23, 9:15:00 AM,C,18.375
4/19/23, 11:15:00 AM,C,22
4/19/23, 1:15:00 PM,C,23.625
4/19/23, 3:15:00 PM,C,24.25
4/19/23, 5:15:00 PM,C,23.5
4/19/23, 7:15:00 PM,C,16.25
4/19/23, 9:15:00 PM,C,11.875
4/19/23, 11:15:00 PM,C,7.375
4/20/23, 1:15:00 AM,C,6.25
4/20/23, 3:15:00 AM,C,4.25
4/20/23, 5:15:00 AM,C,3.875
4/20/23, 7:15:00 AM,C,11.375
4/20/23, 9:15:00 AM,C,19.375
4/20/23, 11:15:00 AM,C,26
4/20/23, 1:15:00 PM,C,26.375
4/20/23, 3:15:00 PM,C,26.375
4/20/23, 5:15:00 PM,C,26.375
4/20/23, 7:15:00 PM,C,18.75
4/20/23, 9:15:00 PM,C,11.625
4/20/23, 11:15:00 PM,C,10.5
4/21/23, 1:15:00 AM,C,8.625
4/21/23, 3:15:00 AM,C,7
4/21/23, 5:15:00 AM,C,6.75
4/21/23, 7:15:00 AM,C,15.75
4/21/23, 9:15:00 AM,C,23.875
4/21/23, 11:15:00 AM,C,26.375
4/21/23, 1:15:00 PM,C,26.375
4/21/23, 3:15:00 PM,C,26.375
4/21/23, 5:15:00 PM,C,26.375
4/21/23, 7:15:00 PM,C,22.375
4/21/23, 9:15:00 PM,C,15.875
4/21/23, 11:15:00 PM,C,13
4/22/23, 1:15:00 AM,C,11.375
4/22/23, 3:15:00 AM,C,9.75
4/22/23, 5:15:00 AM,C,10.75
4/22/23, 7:15:00 AM,C,16
4/22/23, 9:15:00 AM,C,26.375
4/22/23, 11:15:00 AM,C,26.375
4/22/23, 1:15:00 PM,C,26.375
4/22/23, 3:15:00 PM,C,26.375
4/22/23, 5:15:00 PM,C,26.375
4/22/23, 7:15:00 PM,C,24.375
4/22/23, 9:15:00 PM,C,19.75
4/22/23, 11:15:00 PM,C,15.75
4/23/23, 1:15:00 AM,C,15.25
4/23/23, 3:15:00 AM,C,12.5
4/23/23, 5:15:00 AM,C,12.5
4/23/23, 7:15:00 AM,C,20
4/23/23, 9:15:00 AM,C,24.875
4/23/23, 11:15:00 AM,C,26.375
4/23/23, 1:15:00 PM,C,26.375
4/23/23, 3:15:00 PM,C,26.375
4/23/23, 5:15:00 PM,C,26.375
4/23/23, 7:15:00 PM,C,25.625
4/23/23, 9:15:00 PM,C,21.875
4/23/23, 11:15:00 PM,C,18.875
4/24/23, 1:15:00 AM,C,17.375
4/24/23, 3:15:00 AM,C,13.375
4/24/23, 5:15:00 AM,C,11.5
4/24/23, 7:15:00 AM,C,20.5
4/24/23, 9:15:00 AM,C,26.375
4/24/23, 11:15:00 AM,C,23
4/24/23, 1:15:00 PM,C,26.375
4/24/23, 3:15:00 PM,C,26.375
4/24/23, 5:15:00 PM,C,23.625
4/24/23, 7:15:00 PM,C,20.875
4/24/23, 9:15:00 PM,C,20.375
4/24/23, 11:15:00 PM,C,19.375
4/25/23, 1:15:00 AM,C,19
4/25/23, 3:15:00 AM,C,18.875
4/25/23, 5:15:00 AM,C,18.625
4/25/23, 7:15:00 AM,C,18.375
4/25/23, 9:15:00 AM,C,18.375
4/25/23, 11:15:00 AM,C,19.75
4/25/23, 1:15:00 PM,C,21.25
4/25/23, 3:15:00 PM,C,22.125
4/25/23, 5:15:00 PM,C,23.25
4/25/23, 7:15:00 PM,C,20.375
4/25/23, 9:15:00 PM,C,20
4/25/23, 11:15:00 PM,C,19.875
4/26/23, 1:15:00 AM,C,19.625
4/26/23, 3:15:00 AM,C,19.125
4/26/23, 5:15:00 AM,C,18.875
4/26/23, 7:15:00 AM,C,18.625
4/26/23, 9:15:00 AM,C,18.75
4/26/23, 11:15:00 AM,C,21.375
4/26/23, 1:15:00 PM,C,21.625
4/26/23, 3:15:00 PM,C,21.5
4/26/23, 5:15:00 PM,C,23
4/26/23, 7:15:00 PM,C,21.625
4/26/23, 9:15:00 PM,C,20.625
4/26/23, 11:15:00 PM,C,20.25
4/27/23, 1:15:00 AM,C,19.875
4/27/23, 3:15:00 AM,C,19.5
4/27/23, 5:15:00 AM,C,19.25
4/27/23, 7:15:00 AM,C,19.125
4/27/23, 9:15:00 AM,C,18.875
4/27/23, 11:15:00 AM,C,19.75
4/27/23, 1:15:00 PM,C,25.5
4/27/23, 3:15:00 PM,C,25.5
4/27/23, 5:15:00 PM,C,23.125
4/27/23, 7:15:00 PM,C,22.25