Date/Time,Unit,Temp,Index
9/29/22,1:23:00 PM,38,1
9/29/22,3:23:00 PM,39,2
9/29/22,5:23:00 PM,33,3
9/29/22,7:23:00 PM,21,4
9/29/22,9:23:00 PM,14,5
9/29/22,11:23:00 PM,12,6
9/30/22,1:23:00 AM,10,7
9/30/22,3:23:00 AM,9,8
9/30/22,5:23:00 AM,8.5,9
9/30/22,7:23:00 AM,8,10
9/30/22,9:23:00 AM,25.5,11
9/30/22,11:23:00 AM,34,12
9/30/22,1:23:00 PM,41.5,13
9/30/22,3:23:00 PM,42,14
9/30/22,5:23:00 PM,35,15
9/30/22,7:23:00 PM,18.5,16
9/30/22,9:23:00 PM,14,17
9/30/22,11:23:00 PM,12,18
10/1/22,1:23:00 AM,10,19
10/1/22,3:23:00 AM,8.5,20
10/1/22,5:23:00 AM,8,21
10/1/22,7:23:00 AM,7.5,22
10/1/22,9:23:00 AM,23.5,23
10/1/22,11:23:00 AM,31.5,24
10/1/22,1:23:00 PM,35,25
10/1/22,3:23:00 PM,33.5,26
10/1/22,5:23:00 PM,28.5,27
10/1/22,7:23:00 PM,16.5,28
10/1/22,9:23:00 PM,13,29
10/1/22,11:23:00 PM,11.5,30
10/2/22,1:23:00 AM,12.5,31
10/2/22,3:23:00 AM,12.5,32
10/2/22,5:23:00 AM,12.5,33
10/2/22,7:23:00 AM,12.5,34
10/2/22,9:23:00 AM,13.5,35
10/2/22,11:23:00 AM,16,36
10/2/22,1:23:00 PM,30,37
10/2/22,3:23:00 PM,33.5,38
10/2/22,5:23:00 PM,29,39
10/2/22,7:23:00 PM,17.5,40
10/2/22,9:23:00 PM,12,41
10/2/22,11:23:00 PM,10,42
10/3/22,1:23:00 AM,8,43
10/3/22,3:23:00 AM,7,44
10/3/22,5:23:00 AM,6.5,45
10/3/22,7:23:00 AM,8,46
10/3/22,9:23:00 AM,15,47
10/3/22,11:23:00 AM,29,48
10/3/22,1:23:00 PM,37,49
10/3/22,3:23:00 PM,39,50
10/3/22,5:23:00 PM,33,51
10/3/22,7:23:00 PM,18.5,52
10/3/22,9:23:00 PM,13,53
10/3/22,11:23:00 PM,11,54
10/4/22,1:23:00 AM,10,55
10/4/22,3:23:00 AM,8.5,56
10/4/22,5:23:00 AM,7.5,57
10/4/22,7:23:00 AM,7,58
10/4/22,9:23:00 AM,21,59
10/4/22,11:23:00 AM,32,60
10/4/22,1:23:00 PM,41,61
10/4/22,3:23:00 PM,39,62
10/4/22,5:23:00 PM,33.5,63
10/4/22,7:23:00 PM,17,64
10/4/22,9:23:00 PM,12,65
10/4/22,11:23:00 PM,10,66
10/5/22,1:23:00 AM,9,67
10/5/22,3:23:00 AM,8.5,68
10/5/22,5:23:00 AM,7,69
10/5/22,7:23:00 AM,7,70
10/5/22,9:23:00 AM,24,71
10/5/22,11:23:00 AM,35.5,72
10/5/22,1:23:00 PM,42.5,73
10/5/22,3:23:00 PM,41,74
10/5/22,5:23:00 PM,37.5,75
10/5/22,7:23:00 PM,20,76
10/5/22,9:23:00 PM,15,77
10/5/22,11:23:00 PM,12.5,78
10/6/22,1:23:00 AM,11,79
10/6/22,3:23:00 AM,10,80
10/6/22,5:23:00 AM,9,81
10/6/22,7:23:00 AM,8.5,82
10/6/22,9:23:00 AM,24.5,83
10/6/22,11:23:00 AM,35.5,84
10/6/22,1:23:00 PM,44.5,85
10/6/22,3:23:00 PM,41,86
10/6/22,5:23:00 PM,37,87
10/6/22,7:23:00 PM,19,88
10/6/22,9:23:00 PM,14.5,89
10/6/22,11:23:00 PM,12.5,90
10/7/22,1:23:00 AM,10.5,91
10/7/22,3:23:00 AM,9,92
10/7/22,5:23:00 AM,8.5,93
10/7/22,7:23:00 AM,7.5,94
10/7/22,9:23:00 AM,24,95
10/7/22,11:23:00 AM,35,96
10/7/22,1:23:00 PM,43.5,97
10/7/22,3:23:00 PM,44,98
10/7/22,5:23:00 PM,38.5,99
10/7/22,7:23:00 PM,20,100
10/7/22,9:23:00 PM,15,101
10/7/22,11:23:00 PM,12,102
10/8/22,1:23:00 AM,10,103
10/8/22,3:23:00 AM,8.5,104
10/8/22,5:23:00 AM,7.5,105
10/8/22,7:23:00 AM,6.5,106
10/8/22,9:23:00 AM,25.5,107
10/8/22,11:23:00 AM,35.5,108
10/8/22,1:23:00 PM,45,109
10/8/22,3:23:00 PM,44.5,110
10/8/22,5:23:00 PM,38,111
10/8/22,7:23:00 PM,20.5,112
10/8/22,9:23:00 PM,15,113
10/8/22,11:23:00 PM,11.5,114
10/9/22,1:23:00 AM,10,115
10/9/22,3:23:00 AM,8.5,116
10/9/22,5:23:00 AM,7.5,117
10/9/22,7:23:00 AM,6.5,118
10/9/22,9:23:00 AM,24.5,119
10/9/22,11:23:00 AM,34.5,120
10/9/22,1:23:00 PM,43,121
10/9/22,3:23:00 PM,43.5,122
10/9/22,5:23:00 PM,37,123
10/9/22,7:23:00 PM,18,124
10/9/22,9:23:00 PM,14,125
10/9/22,11:23:00 PM,11,126
10/10/22,1:23:00 AM,9,127
10/10/22,3:23:00 AM,7.5,128
10/10/22,5:23:00 AM,6.5,129
10/10/22,7:23:00 AM,5.5,130
10/10/22,9:23:00 AM,23,131
10/10/22,11:23:00 AM,34.5,132
10/10/22,1:23:00 PM,43,133
10/10/22,3:23:00 PM,42,134
10/10/22,5:23:00 PM,34.5,135
10/10/22,7:23:00 PM,17,136
10/10/22,9:23:00 PM,13.5,137
10/10/22,11:23:00 PM,11,138
10/11/22,1:23:00 AM,9,139
10/11/22,3:23:00 AM,7.5,140
10/11/22,5:23:00 AM,6.5,141
10/11/22,7:23:00 AM,6.5,142
10/11/22,9:23:00 AM,22.5,143
10/11/22,11:23:00 AM,33.5,144
10/11/22,1:23:00 PM,39.5,145
10/11/22,3:23:00 PM,38,146
10/11/22,5:23:00 PM,34,147
10/11/22,7:23:00 PM,20.5,148
10/11/22,9:23:00 PM,14,149
10/11/22,11:23:00 PM,10.5,150
10/12/22,1:23:00 AM,8.5,151
10/12/22,3:23:00 AM,7,152
10/12/22,5:23:00 AM,6.5,153
10/12/22,7:23:00 AM,6,154
10/12/22,9:23:00 AM,21.5,155
10/12/22,11:23:00 AM,30,156
10/12/22,1:23:00 PM,37.5,157
10/12/22,3:23:00 PM,41,158
10/12/22,5:23:00 PM,34.5,159
10/12/22,7:23:00 PM,17.5,160
10/12/22,9:23:00 PM,12.5,161
10/12/22,11:23:00 PM,10,162
10/13/22,1:23:00 AM,9,163
10/13/22,3:23:00 AM,7.5,164
10/13/22,5:23:00 AM,6.5,165
10/13/22,7:23:00 AM,6,166
10/13/22,9:23:00 AM,18,167
10/13/22,11:23:00 AM,31.5,168
10/13/22,1:23:00 PM,41.5,169
10/13/22,3:23:00 PM,41,170
10/13/22,5:23:00 PM,34,171
10/13/22,7:23:00 PM,17,172
10/13/22,9:23:00 PM,13,173
10/13/22,11:23:00 PM,10,174
10/14/22,1:23:00 AM,8.5,175
10/14/22,3:23:00 AM,7,176
10/14/22,5:23:00 AM,6.5,177
10/14/22,7:23:00 AM,5.5,178
10/14/22,9:23:00 AM,20.5,179
10/14/22,11:23:00 AM,32.5,180
10/14/22,1:23:00 PM,41.5,181
10/14/22,3:23:00 PM,42.5,182
10/14/22,5:23:00 PM,35,183
10/14/22,7:23:00 PM,19,184
10/14/22,9:23:00 PM,19,185
10/14/22,11:23:00 PM,12.5,186
10/15/22,1:23:00 AM,9.5,187
10/15/22,3:23:00 AM,7.5,188
10/15/22,5:23:00 AM,11,189
10/15/22,7:23:00 AM,10.5,190
10/15/22,9:23:00 AM,12.5,191
10/15/22,11:23:00 AM,19,192
10/15/22,1:23:00 PM,31.5,193
10/15/22,3:23:00 PM,30,194
10/15/22,5:23:00 PM,22,195
10/15/22,7:23:00 PM,13.5,196
10/15/22,9:23:00 PM,14.5,197
10/15/22,11:23:00 PM,14,198
10/16/22,1:23:00 AM,13.5,199
10/16/22,3:23:00 AM,13,200
10/16/22,5:23:00 AM,13,201
10/16/22,7:23:00 AM,13,202
10/16/22,9:23:00 AM,15,203
10/16/22,11:23:00 AM,17.5,204
10/16/22,1:23:00 PM,23,205
10/16/22,3:23:00 PM,26.5,206
10/16/22,5:23:00 PM,20,207
10/16/22,7:23:00 PM,10,208
10/16/22,9:23:00 PM,8.5,209
10/16/22,11:23:00 PM,7.5,210
10/17/22,1:23:00 AM,10,211
10/17/22,3:23:00 AM,11,212
10/17/22,5:23:00 AM,11.5,213
10/17/22,7:23:00 AM,10,214
10/17/22,9:23:00 AM,17.5,215
10/17/22,11:23:00 AM,28,216
10/17/22,1:23:00 PM,34,217
10/17/22,3:23:00 PM,32,218
10/17/22,5:23:00 PM,26,219
10/17/22,7:23:00 PM,17,220
10/17/22,9:23:00 PM,11.5,221
10/17/22,11:23:00 PM,11,222
10/18/22,1:23:00 AM,9.5,223
10/18/22,3:23:00 AM,8.5,224
10/18/22,5:23:00 AM,8.5,225
10/18/22,7:23:00 AM,7.5,226
10/18/22,9:23:00 AM,16.5,227
10/18/22,11:23:00 AM,30,228
10/18/22,1:23:00 PM,30,229
10/18/22,3:23:00 PM,38.5,230
10/18/22,5:23:00 PM,33,231
10/18/22,7:23:00 PM,14.5,232
10/18/22,9:23:00 PM,11,233
10/18/22,11:23:00 PM,8.5,234
10/19/22,1:23:00 AM,7,235
10/19/22,3:23:00 AM,6,236
10/19/22,5:23:00 AM,5,237
10/19/22,7:23:00 AM,4,238
10/19/22,9:23:00 AM,22,239
10/19/22,11:23:00 AM,34.5,240
10/19/22,1:23:00 PM,42.5,241
10/19/22,3:23:00 PM,42,242
10/19/22,5:23:00 PM,36,243
10/19/22,7:23:00 PM,17,244
10/19/22,9:23:00 PM,12.5,245
10/19/22,11:23:00 PM,10,246
10/20/22,1:23:00 AM,8,247
10/20/22,3:23:00 AM,6.5,248
10/20/22,5:23:00 AM,5,249
10/20/22,7:23:00 AM,4,250
10/20/22,9:23:00 AM,21.5,251
10/20/22,11:23:00 AM,31.5,252
10/20/22,1:23:00 PM,41.5,253
10/20/22,3:23:00 PM,43,254
10/20/22,5:23:00 PM,34.5,255
10/20/22,7:23:00 PM,18,256
10/20/22,9:23:00 PM,13,257
10/20/22,11:23:00 PM,10.5,258
10/21/22,1:23:00 AM,8.5,259
10/21/22,3:23:00 AM,6.5,260
10/21/22,5:23:00 AM,5,261
10/21/22,7:23:00 AM,4.5,262
10/21/22,9:23:00 AM,22,263
10/21/22,11:23:00 AM,32,264
10/21/22,1:23:00 PM,39.5,265
10/21/22,3:23:00 PM,31,266
10/21/22,5:23:00 PM,23.5,267
10/21/22,7:23:00 PM,19,268
10/21/22,9:23:00 PM,16.5,269
10/21/22,11:23:00 PM,17,270
10/22/22,1:23:00 AM,14.5,271
10/22/22,3:23:00 AM,15,272
10/22/22,5:23:00 AM,14.5,273
10/22/22,7:23:00 AM,11.5,274
10/22/22,9:23:00 AM,15.5,275
10/22/22,11:23:00 AM,23.5,276
10/22/22,1:23:00 PM,26.5,277
10/22/22,3:23:00 PM,26,278
10/22/22,5:23:00 PM,19.5,279
10/22/22,7:23:00 PM,10,280
10/22/22,9:23:00 PM,10,281
10/22/22,11:23:00 PM,9.5,282
10/23/22,1:23:00 AM,7.5,283
10/23/22,3:23:00 AM,7.5,284
10/23/22,5:23:00 AM,6,285
10/23/22,7:23:00 AM,3.5,286
10/23/22,9:23:00 AM,16,287
10/23/22,11:23:00 AM,22,288
10/23/22,1:23:00 PM,29,289
10/23/22,3:23:00 PM,27,290
10/23/22,5:23:00 PM,20.5,291
10/23/22,7:23:00 PM,10.5,292
10/23/22,9:23:00 PM,5,293
10/23/22,11:23:00 PM,3.5,294
10/24/22,1:23:00 AM,2,295
10/24/22,3:23:00 AM,1.5,296
10/24/22,5:23:00 AM,0.5,297
10/24/22,7:23:00 AM,0.5,298
10/24/22,9:23:00 AM,14.5,299
10/24/22,11:23:00 AM,27.5,300
10/24/22,1:23:00 PM,33,301
10/24/22,3:23:00 PM,31,302
10/24/22,5:23:00 PM,24,303
10/24/22,7:23:00 PM,14.5,304
10/24/22,9:23:00 PM,9.5,305
10/24/22,11:23:00 PM,7.5,306
10/25/22,1:23:00 AM,7,307
10/25/22,3:23:00 AM,8.5,308
10/25/22,5:23:00 AM,6.5,309
10/25/22,7:23:00 AM,4.5,310
10/25/22,9:23:00 AM,16.5,311
10/25/22,11:23:00 AM,23.5,312
10/25/22,1:23:00 PM,29,313
10/25/22,3:23:00 PM,30,314
10/25/22,5:23:00 PM,21.5,315
10/25/22,7:23:00 PM,12,316
10/25/22,9:23:00 PM,5.5,317
10/25/22,11:23:00 PM,2.5,318
10/26/22,1:23:00 AM,7,319
10/26/22,3:23:00 AM,6,320
10/26/22,5:23:00 AM,5,321
10/26/22,7:23:00 AM,5,322
10/26/22,9:23:00 AM,16.5,323
10/26/22,11:23:00 AM,22.5,324
10/26/22,1:23:00 PM,27,325
10/26/22,3:23:00 PM,25.5,326
10/26/22,5:23:00 PM,20,327
10/26/22,7:23:00 PM,12.5,328
10/26/22,9:23:00 PM,5,329
10/26/22,11:23:00 PM,2.5,330
10/27/22,1:23:00 AM,1,331
10/27/22,3:23:00 AM,0.5,332
10/27/22,5:23:00 AM,-0.5,333
10/27/22,7:23:00 AM,-1,334
10/27/22,9:23:00 AM,12.5,335
10/27/22,11:23:00 AM,26,336
10/27/22,1:23:00 PM,32,337
10/27/22,3:23:00 PM,30.5,338
10/27/22,5:23:00 PM,25,339
10/27/22,7:23:00 PM,9,340
10/27/22,9:23:00 PM,5.5,341
10/27/22,11:23:00 PM,3.5,342
10/28/22,1:23:00 AM,2,343
10/28/22,3:23:00 AM,3,344
10/28/22,5:23:00 AM,0.5,345
10/28/22,7:23:00 AM,0,346
10/28/22,9:23:00 AM,14,347
10/28/22,11:23:00 AM,21.5,348
10/28/22,1:23:00 PM,26.5,349
10/28/22,3:23:00 PM,27,350
10/28/22,5:23:00 PM,21.5,351
10/28/22,7:23:00 PM,12,352
10/28/22,9:23:00 PM,5,353
10/28/22,11:23:00 PM,3,354
10/29/22,1:23:00 AM,1.5,355
10/29/22,3:23:00 AM,0.5,356
10/29/22,5:23:00 AM,0,357
10/29/22,7:23:00 AM,-0.5,358
10/29/22,9:23:00 AM,13.5,359
10/29/22,11:23:00 AM,26.5,360
10/29/22,1:23:00 PM,29.5,361
10/29/22,3:23:00 PM,25,362
10/29/22,5:23:00 PM,23,363
10/29/22,7:23:00 PM,14,364
10/29/22,9:23:00 PM,8,365
10/29/22,11:23:00 PM,6.5,366
10/30/22,1:23:00 AM,5.5,367
10/30/22,3:23:00 AM,5,368
10/30/22,5:23:00 AM,3.5,369
10/30/22,7:23:00 AM,2,370
10/30/22,9:23:00 AM,12.5,371
10/30/22,11:23:00 AM,26,372
10/30/22,1:23:00 PM,34,373
10/30/22,3:23:00 PM,35,374
10/30/22,5:23:00 PM,25.5,375
10/30/22,7:23:00 PM,10.5,376
10/30/22,9:23:00 PM,7.5,377
10/30/22,11:23:00 PM,5,378
10/31/22,1:23:00 AM,4,379
10/31/22,3:23:00 AM,4.5,380
10/31/22,5:23:00 AM,4,381
10/31/22,7:23:00 AM,3.5,382
10/31/22,9:23:00 AM,9,383
10/31/22,11:23:00 AM,24,384
10/31/22,1:23:00 PM,22.5,385
10/31/22,3:23:00 PM,31,386
10/31/22,5:23:00 PM,22,387
10/31/22,7:23:00 PM,10.5,388
10/31/22,9:23:00 PM,6.5,389
10/31/22,11:23:00 PM,5,390
11/1/22,1:23:00 AM,3.5,391
11/1/22,3:23:00 AM,8,392
11/1/22,5:23:00 AM,9,393
11/1/22,7:23:00 AM,9,394
11/1/22,9:23:00 AM,10,395
11/1/22,11:23:00 AM,14.5,396
11/1/22,1:23:00 PM,16.5,397
11/1/22,3:23:00 PM,15.5,398
11/1/22,5:23:00 PM,11,399
11/1/22,7:23:00 PM,6,400
11/1/22,9:23:00 PM,3.5,401
11/1/22,11:23:00 PM,2,402
11/2/22,1:23:00 AM,0.5,403
11/2/22,3:23:00 AM,2,404
11/2/22,5:23:00 AM,3,405
11/2/22,7:23:00 AM,3.5,406
11/2/22,9:23:00 AM,6,407
11/2/22,11:23:00 AM,12,408
11/2/22,1:23:00 PM,23,409
11/2/22,3:23:00 PM,11,410
11/2/22,5:23:00 PM,10,411
11/2/22,7:23:00 PM,6,412
11/2/22,9:23:00 PM,5.5,413
11/2/22,11:23:00 PM,4,414
11/3/22,1:23:00 AM,-0.5,415
11/3/22,3:23:00 AM,-1,416
11/3/22,5:23:00 AM,-2,417
11/3/22,7:23:00 AM,-3,418
11/3/22,9:23:00 AM,8.5,419
11/3/22,11:23:00 AM,18,420
11/3/22,1:23:00 PM,22.5,421
11/3/22,3:23:00 PM,23,422
11/3/22,5:23:00 PM,14.5,423
11/3/22,7:23:00 PM,4.5,424
11/3/22,9:23:00 PM,1.5,425
11/3/22,11:23:00 PM,2.5,426
11/4/22,1:23:00 AM,1,427
11/4/22,3:23:00 AM,1.5,428
11/4/22,5:23:00 AM,2.5,429
11/4/22,7:23:00 AM,4,430
11/4/22,9:23:00 AM,11,431
11/4/22,11:23:00 AM,17.5,432
11/4/22,1:23:00 PM,22.5,433
11/4/22,3:23:00 PM,24,434
11/4/22,5:23:00 PM,19,435
11/4/22,7:23:00 PM,14.5,436
11/4/22,9:23:00 PM,11,437
11/4/22,11:23:00 PM,12,438
11/5/22,1:23:00 AM,12,439
11/5/22,3:23:00 AM,12,440
11/5/22,5:23:00 AM,10.5,441
11/5/22,7:23:00 AM,11,442
11/5/22,9:23:00 AM,12,443
11/5/22,11:23:00 AM,13,444
11/5/22,1:23:00 PM,15.5,445
11/5/22,3:23:00 PM,14.5,446
11/5/22,5:23:00 PM,15,447
11/5/22,7:23:00 PM,10.5,448
11/5/22,9:23:00 PM,9.5,449
11/5/22,11:23:00 PM,9,450
11/6/22,1:23:00 AM,5,451
11/6/22,2:23:00 AM,4.5,452
11/6/22,4:23:00 AM,6,453
11/6/22,6:23:00 AM,4,454
11/6/22,8:23:00 AM,10.5,455
11/6/22,10:23:00 AM,20,456
11/6/22,12:23:00 PM,21,457
11/6/22,2:23:00 PM,16,458
11/6/22,4:23:00 PM,12,459
11/6/22,6:23:00 PM,9,460
11/6/22,8:23:00 PM,9.5,461
11/6/22,10:23:00 PM,8.5,462
11/7/22,12:23:00 AM,6,463
11/7/22,2:23:00 AM,5.5,464
11/7/22,4:23:00 AM,3,465
11/7/22,6:23:00 AM,2,466
11/7/22,8:23:00 AM,11,467
11/7/22,10:23:00 AM,12.5,468
11/7/22,12:23:00 PM,6.5,469
11/7/22,2:23:00 PM,9.5,470
11/7/22,4:23:00 PM,7.5,471
11/7/22,6:23:00 PM,5.5,472
11/7/22,8:23:00 PM,5.5,473
11/7/22,10:23:00 PM,5.5,474
11/8/22,12:23:00 AM,6,475
11/8/22,2:23:00 AM,6,476
11/8/22,4:23:00 AM,5.5,477
11/8/22,6:23:00 AM,4.5,478
11/8/22,8:23:00 AM,5,479
11/8/22,10:23:00 AM,7.5,480
11/8/22,12:23:00 PM,10,481
11/8/22,2:23:00 PM,12.5,482
11/8/22,4:23:00 PM,7,483
11/8/22,6:23:00 PM,6.5,484
11/8/22,8:23:00 PM,5.5,485
11/8/22,10:23:00 PM,5.5,486
11/9/22,12:23:00 AM,4.5,487
11/9/22,2:23:00 AM,2.5,488
11/9/22,4:23:00 AM,4.5,489
11/9/22,6:23:00 AM,3.5,490
11/9/22,8:23:00 AM,6.5,491
11/9/22,10:23:00 AM,14.5,492
11/9/22,12:23:00 PM,19,493
11/9/22,2:23:00 PM,18.5,494
11/9/22,4:23:00 PM,9.5,495
11/9/22,6:23:00 PM,3,496
11/9/22,8:23:00 PM,1.5,497
11/9/22,10:23:00 PM,0.5,498
11/10/22,12:23:00 AM,0,499
11/10/22,2:23:00 AM,0,500
11/10/22,4:23:00 AM,1.5,501
11/10/22,6:23:00 AM,2.5,502
11/10/22,8:23:00 AM,4,503
11/10/22,10:23:00 AM,10.5,504
11/10/22,12:23:00 PM,20.5,505
11/10/22,2:23:00 PM,21,506
11/10/22,4:23:00 PM,11,507
11/10/22,6:23:00 PM,4,508
11/10/22,8:23:00 PM,2,509
11/10/22,10:23:00 PM,0.5,510
11/11/22,12:23:00 AM,-0.5,511
11/11/22,2:23:00 AM,-0.5,512
11/11/22,4:23:00 AM,0,513
11/11/22,6:23:00 AM,0,514
11/11/22,8:23:00 AM,5,515
11/11/22,10:23:00 AM,13,516
11/11/22,12:23:00 PM,16.5,517
11/11/22,2:23:00 PM,23.5,518
11/11/22,4:23:00 PM,11,519
11/11/22,6:23:00 PM,4,520
11/11/22,8:23:00 PM,5,521
11/11/22,10:23:00 PM,6.5,522
11/12/22,12:23:00 AM,7,523
11/12/22,2:23:00 AM,4,524
11/12/22,4:23:00 AM,1.5,525
11/12/22,6:23:00 AM,0,526
11/12/22,8:23:00 AM,9.5,527
11/12/22,10:23:00 AM,16,528
11/12/22,12:23:00 PM,22,529
11/12/22,2:23:00 PM,16.5,530
11/12/22,4:23:00 PM,8.5,531
11/12/22,6:23:00 PM,7,532
11/12/22,8:23:00 PM,2.5,533
11/12/22,10:23:00 PM,5,534
11/13/22,12:23:00 AM,1,535
11/13/22,2:23:00 AM,4.5,536
11/13/22,4:23:00 AM,3.5,537
11/13/22,6:23:00 AM,2.5,538
11/13/22,8:23:00 AM,4.5,539
11/13/22,10:23:00 AM,15,540
11/13/22,12:23:00 PM,24.5,541
11/13/22,2:23:00 PM,24.5,542
11/13/22,4:23:00 PM,10.5,543
11/13/22,6:23:00 PM,3.5,544
11/13/22,8:23:00 PM,1.5,545
11/13/22,10:23:00 PM,0,546
11/14/22,12:23:00 AM,0,547
11/14/22,2:23:00 AM,-1.5,548
11/14/22,4:23:00 AM,-2,549
11/14/22,6:23:00 AM,-2,550
11/14/22,8:23:00 AM,5,551
11/14/22,10:23:00 AM,11.5,552
11/14/22,12:23:00 PM,17.5,553
11/14/22,2:23:00 PM,23.5,554
11/14/22,4:23:00 PM,9.5,555
11/14/22,6:23:00 PM,2,556
11/14/22,8:23:00 PM,0.5,557
11/14/22,10:23:00 PM,-1,558
11/15/22,12:23:00 AM,-1.5,559
11/15/22,2:23:00 AM,-2,560
11/15/22,4:23:00 AM,-2.5,561
11/15/22,6:23:00 AM,-3,562
11/15/22,8:23:00 AM,5.5,563
11/15/22,10:23:00 AM,18,564
11/15/22,12:23:00 PM,25,565
11/15/22,2:23:00 PM,27.5,566
11/15/22,4:23:00 PM,12,567
11/15/22,6:23:00 PM,3.5,568
11/15/22,8:23:00 PM,1.5,569
11/15/22,10:23:00 PM,-0.5,570
11/16/22,12:23:00 AM,-1.5,571
11/16/22,2:23:00 AM,-2,572
11/16/22,4:23:00 AM,-2.5,573
11/16/22,6:23:00 AM,-4,574
11/16/22,8:23:00 AM,6,575
11/16/22,10:23:00 AM,18.5,576
11/16/22,12:23:00 PM,28,577
11/16/22,2:23:00 PM,29,578
11/16/22,4:23:00 PM,11,579
11/16/22,6:23:00 PM,5,580
11/16/22,8:23:00 PM,3,581
11/16/22,10:23:00 PM,1.5,582
11/17/22,12:23:00 AM,0,583
11/17/22,2:23:00 AM,-1,584
11/17/22,4:23:00 AM,-1,585
11/17/22,6:23:00 AM,0,586
11/17/22,8:23:00 AM,5,587
11/17/22,10:23:00 AM,20.5,588
11/17/22,12:23:00 PM,27.5,589
11/17/22,2:23:00 PM,28,590
11/17/22,4:23:00 PM,14.5,591
11/17/22,6:23:00 PM,4.5,592
11/17/22,8:23:00 PM,2,593
11/17/22,10:23:00 PM,2,594
11/18/22,12:23:00 AM,2.5,595
11/18/22,2:23:00 AM,3.5,596
11/18/22,4:23:00 AM,3.5,597
11/18/22,6:23:00 AM,0.5,598
11/18/22,8:23:00 AM,8,599
11/18/22,10:23:00 AM,22.5,600
11/18/22,12:23:00 PM,28.5,601
11/18/22,2:23:00 PM,29.5,602
11/18/22,4:23:00 PM,12.5,603
11/18/22,6:23:00 PM,6,604
11/18/22,8:23:00 PM,2,605
11/18/22,10:23:00 PM,-0.5,606
11/19/22,12:23:00 AM,-1.5,607
11/19/22,2:23:00 AM,-3,608
11/19/22,4:23:00 AM,-4,609
11/19/22,6:23:00 AM,-4.5,610
11/19/22,8:23:00 AM,4.5,611
11/19/22,10:23:00 AM,18,612
11/19/22,12:23:00 PM,26.5,613
11/19/22,2:23:00 PM,27,614
11/19/22,4:23:00 PM,10,615
11/19/22,6:23:00 PM,4,616
11/19/22,8:23:00 PM,0.5,617
11/19/22,10:23:00 PM,-1.5,618
11/20/22,12:23:00 AM,-3,619
11/20/22,2:23:00 AM,-4,620
11/20/22,4:23:00 AM,-4.5,621
11/20/22,6:23:00 AM,-4.5,622
11/20/22,8:23:00 AM,3.5,623
11/20/22,10:23:00 AM,16,624
11/20/22,12:23:00 PM,25.5,625
11/20/22,2:23:00 PM,28,626
11/20/22,4:23:00 PM,10.5,627
11/20/22,6:23:00 PM,3,628
11/20/22,8:23:00 PM,0.5,629
11/20/22,10:23:00 PM,-1,630
11/21/22,12:23:00 AM,-2.5,631
11/21/22,2:23:00 AM,-3,632
11/21/22,4:23:00 AM,-3.5,633
11/21/22,6:23:00 AM,-4,634
11/21/22,8:23:00 AM,4.5,635
11/21/22,10:23:00 AM,17,636
11/21/22,12:23:00 PM,26.5,637
11/21/22,2:23:00 PM,24.5,638
11/21/22,4:23:00 PM,12,639
11/21/22,6:23:00 PM,4.5,640
11/21/22,8:23:00 PM,2.5,641
11/21/22,10:23:00 PM,0.5,642
11/22/22,12:23:00 AM,-0.5,643
11/22/22,2:23:00 AM,-1,644
11/22/22,4:23:00 AM,-1.5,645
11/22/22,6:23:00 AM,-2,646
11/22/22,8:23:00 AM,3.5,647
11/22/22,10:23:00 AM,14,648
11/22/22,12:23:00 PM,20.5,649
11/22/22,2:23:00 PM,24.5,650
11/22/22,4:23:00 PM,15,651
11/22/22,6:23:00 PM,7,652
11/22/22,8:23:00 PM,4,653
11/22/22,10:23:00 PM,3.5,654
11/23/22,12:23:00 AM,3,655
11/23/22,2:23:00 AM,1.5,656
11/23/22,4:23:00 AM,1,657
11/23/22,6:23:00 AM,0,658
11/23/22,8:23:00 AM,7,659
11/23/22,10:23:00 AM,20.5,660
11/23/22,12:23:00 PM,29.5,661
11/23/22,2:23:00 PM,29,662
11/23/22,4:23:00 PM,14,663
11/23/22,6:23:00 PM,7,664
11/23/22,8:23:00 PM,4,665
11/23/22,10:23:00 PM,2,666
11/24/22,12:23:00 AM,1.5,667
11/24/22,2:23:00 AM,0,668
11/24/22,4:23:00 AM,-0.5,669
11/24/22,6:23:00 AM,-1,670
11/24/22,8:23:00 AM,6,671
11/24/22,10:23:00 AM,19.5,672
11/24/22,12:23:00 PM,30,673
11/24/22,2:23:00 PM,31.5,674
11/24/22,4:23:00 PM,14,675
11/24/22,6:23:00 PM,8,676
11/24/22,8:23:00 PM,7,677
11/24/22,10:23:00 PM,4,678
11/25/22,12:23:00 AM,2.5,679
11/25/22,2:23:00 AM,1.5,680
11/25/22,4:23:00 AM,0,681
11/25/22,6:23:00 AM,0,682
11/25/22,8:23:00 AM,8.5,683
11/25/22,10:23:00 AM,18,684
11/25/22,12:23:00 PM,22.5,685
11/25/22,2:23:00 PM,25,686
11/25/22,4:23:00 PM,13,687
11/25/22,6:23:00 PM,6,688
11/25/22,8:23:00 PM,5,689
11/25/22,10:23:00 PM,3,690
11/26/22,12:23:00 AM,1.5,691
11/26/22,2:23:00 AM,3,692
11/26/22,4:23:00 AM,3.5,693
11/26/22,6:23:00 AM,2.5,694
11/26/22,8:23:00 AM,8.5,695
11/26/22,10:23:00 AM,21.5,696
11/26/22,12:23:00 PM,28,697
11/26/22,2:23:00 PM,29.5,698
11/26/22,4:23:00 PM,12.5,699
11/26/22,6:23:00 PM,6,700
11/26/22,8:23:00 PM,3.5,701
11/26/22,10:23:00 PM,1.5,702
11/27/22,12:23:00 AM,0.5,703
11/27/22,2:23:00 AM,-0.5,704
11/27/22,4:23:00 AM,-1,705
11/27/22,6:23:00 AM,-1.5,706
11/27/22,8:23:00 AM,5,707
11/27/22,10:23:00 AM,18,708
11/27/22,12:23:00 PM,26.5,709
11/27/22,2:23:00 PM,28,710
11/27/22,4:23:00 PM,11.5,711
11/27/22,6:23:00 PM,5,712
11/27/22,8:23:00 PM,3,713
11/27/22,10:23:00 PM,1.5,714
11/28/22,12:23:00 AM,1.5,715
11/28/22,2:23:00 AM,3.5,716
11/28/22,4:23:00 AM,4.5,717
11/28/22,6:23:00 AM,2,718
11/28/22,8:23:00 AM,6,719
11/28/22,10:23:00 AM,17,720
11/28/22,12:23:00 PM,15,721
11/28/22,2:23:00 PM,12,722
11/28/22,4:23:00 PM,10.5,723
11/28/22,6:23:00 PM,8.5,724
11/28/22,8:23:00 PM,4,725
11/28/22,10:23:00 PM,3.5,726
11/29/22,12:23:00 AM,-0.5,727
11/29/22,2:23:00 AM,-1.5,728
11/29/22,4:23:00 AM,-2.5,729
11/29/22,6:23:00 AM,-4,730
11/29/22,8:23:00 AM,2.5,731
11/29/22,10:23:00 AM,15.5,732
11/29/22,12:23:00 PM,22,733
11/29/22,2:23:00 PM,23,734
11/29/22,4:23:00 PM,7.5,735
11/29/22,6:23:00 PM,1.5,736
11/29/22,8:23:00 PM,-0.5,737
11/29/22,10:23:00 PM,-2.5,738
11/30/22,12:23:00 AM,-3,739
11/30/22,2:23:00 AM,-4,740
11/30/22,4:23:00 AM,-3.5,741
11/30/22,6:23:00 AM,-2,742
11/30/22,8:23:00 AM,0,743
11/30/22,10:23:00 AM,16,744
11/30/22,12:23:00 PM,17,745
11/30/22,2:23:00 PM,14,746
11/30/22,4:23:00 PM,10.5,747
11/30/22,6:23:00 PM,9,748
11/30/22,8:23:00 PM,8,749
11/30/22,10:23:00 PM,8,750
12/1/22,12:23:00 AM,8,751
12/1/22,2:23:00 AM,8.5,752
12/1/22,4:23:00 AM,8.5,753
12/1/22,6:23:00 AM,5.5,754
12/1/22,8:23:00 AM,5.5,755
12/1/22,10:23:00 AM,14,756
12/1/22,12:23:00 PM,14.5,757
12/1/22,2:23:00 PM,10.5,758
12/1/22,4:23:00 PM,6.5,759
12/1/22,6:23:00 PM,0,760
12/1/22,8:23:00 PM,-1,761
12/1/22,10:23:00 PM,-1.5,762
12/2/22,12:23:00 AM,-3.5,763
12/2/22,2:23:00 AM,-4,764
12/2/22,4:23:00 AM,-2.5,765
12/2/22,6:23:00 AM,-2.5,766
12/2/22,8:23:00 AM,0,767
12/2/22,10:23:00 AM,11,768
12/2/22,12:23:00 PM,17.5,769
12/2/22,2:23:00 PM,18.5,770
12/2/22,4:23:00 PM,7,771
12/2/22,6:23:00 PM,0.5,772
12/2/22,8:23:00 PM,-1,773
12/2/22,10:23:00 PM,-3,774
12/3/22,12:23:00 AM,-3.5,775
12/3/22,2:23:00 AM,-1,776
12/3/22,4:23:00 AM,-3,777
12/3/22,6:23:00 AM,-1,778
12/3/22,8:23:00 AM,2.5,779
12/3/22,10:23:00 AM,9,780
12/3/22,12:23:00 PM,10,781
12/3/22,2:23:00 PM,9,782
12/3/22,4:23:00 PM,8.5,783
12/3/22,6:23:00 PM,5,784
12/3/22,8:23:00 PM,7,785
12/3/22,10:23:00 PM,7,786
12/4/22,12:23:00 AM,6,787
12/4/22,2:23:00 AM,6.5,788
12/4/22,4:23:00 AM,6.5,789
12/4/22,6:23:00 AM,6.5,790
12/4/22,8:23:00 AM,6.5,791
12/4/22,10:23:00 AM,10,792
12/4/22,12:23:00 PM,10,793
12/4/22,2:23:00 PM,14,794
12/4/22,4:23:00 PM,9,795
12/4/22,6:23:00 PM,5.5,796
12/4/22,8:23:00 PM,7.5,797
12/4/22,10:23:00 PM,7.5,798
12/5/22,12:23:00 AM,8,799
12/5/22,2:23:00 AM,6.5,800
12/5/22,4:23:00 AM,6.5,801
12/5/22,6:23:00 AM,6.5,802
12/5/22,8:23:00 AM,7,803
12/5/22,10:23:00 AM,11.5,804
12/5/22,12:23:00 PM,16.5,805
12/5/22,2:23:00 PM,16.5,806
12/5/22,4:23:00 PM,9,807
12/5/22,6:23:00 PM,7.5,808
12/5/22,8:23:00 PM,5.5,809
12/5/22,10:23:00 PM,5.5,810
12/6/22,12:23:00 AM,5.5,811
12/6/22,2:23:00 AM,6,812
12/6/22,4:23:00 AM,5.5,813
12/6/22,6:23:00 AM,5.5,814
12/6/22,8:23:00 AM,6.5,815
12/6/22,10:23:00 AM,15.5,816
12/6/22,12:23:00 PM,13.5,817
12/6/22,2:23:00 PM,22,818
12/6/22,4:23:00 PM,8.5,819
12/6/22,6:23:00 PM,4,820
12/6/22,8:23:00 PM,1.5,821
12/6/22,10:23:00 PM,0,822
12/7/22,12:23:00 AM,-0.5,823
12/7/22,2:23:00 AM,-1.5,824
12/7/22,4:23:00 AM,0,825
12/7/22,6:23:00 AM,0.5,826
12/7/22,8:23:00 AM,1.5,827
12/7/22,10:23:00 AM,11,828
12/7/22,12:23:00 PM,18,829
12/7/22,2:23:00 PM,20.5,830
12/7/22,4:23:00 PM,7,831
12/7/22,6:23:00 PM,3,832
12/7/22,8:23:00 PM,1,833
12/7/22,10:23:00 PM,0,834
12/8/22,12:23:00 AM,1,835
12/8/22,2:23:00 AM,4,836
12/8/22,4:23:00 AM,3.5,837
12/8/22,6:23:00 AM,3,838
12/8/22,8:23:00 AM,6,839
12/8/22,10:23:00 AM,10,840
12/8/22,12:23:00 PM,8.5,841
12/8/22,2:23:00 PM,8,842
12/8/22,4:23:00 PM,8,843
12/8/22,6:23:00 PM,7.5,844
12/8/22,8:23:00 PM,3.5,845
12/8/22,10:23:00 PM,1,846
12/9/22,12:23:00 AM,1,847
12/9/22,2:23:00 AM,1,848
12/9/22,4:23:00 AM,1.5,849
12/9/22,6:23:00 AM,2,850
12/9/22,8:23:00 AM,4,851
12/9/22,10:23:00 AM,5.5,852
12/9/22,12:23:00 PM,7,853
12/9/22,2:23:00 PM,7.5,854
12/9/22,4:23:00 PM,7,855
12/9/22,6:23:00 PM,5.5,856
12/9/22,8:23:00 PM,5,857
12/9/22,10:23:00 PM,6,858
12/10/22,12:23:00 AM,6,859
12/10/22,2:23:00 AM,6,860
12/10/22,4:23:00 AM,7.5,861
12/10/22,6:23:00 AM,8,862
12/10/22,8:23:00 AM,9,863
12/10/22,10:23:00 AM,11,864
12/10/22,12:23:00 PM,12.5,865
12/10/22,2:23:00 PM,15,866
12/10/22,4:23:00 PM,9,867
12/10/22,6:23:00 PM,8,868
12/10/22,8:23:00 PM,5,869
12/10/22,10:23:00 PM,6,870
12/11/22,12:23:00 AM,5,871
12/11/22,2:23:00 AM,4.5,872
12/11/22,4:23:00 AM,4.5,873
12/11/22,6:23:00 AM,5,874
12/11/22,8:23:00 AM,4,875
12/11/22,10:23:00 AM,12.5,876
12/11/22,12:23:00 PM,10,877
12/11/22,2:23:00 PM,6,878
12/11/22,4:23:00 PM,6,879
12/11/22,6:23:00 PM,4,880
12/11/22,8:23:00 PM,4,881
12/11/22,10:23:00 PM,3,882
12/12/22,12:23:00 AM,0.5,883
12/12/22,2:23:00 AM,-0.5,884
12/12/22,4:23:00 AM,0.5,885
12/12/22,6:23:00 AM,0,886
12/12/22,8:23:00 AM,1,887
12/12/22,10:23:00 AM,6,888
12/12/22,12:23:00 PM,13,889
12/12/22,2:23:00 PM,15.5,890
12/12/22,4:23:00 PM,5.5,891
12/12/22,6:23:00 PM,0.5,892
12/12/22,8:23:00 PM,-1,893
12/12/22,10:23:00 PM,-1,894
12/13/22,12:23:00 AM,-2.5,895
12/13/22,2:23:00 AM,-2,896
12/13/22,4:23:00 AM,0,897
12/13/22,6:23:00 AM,-0.5,898
12/13/22,8:23:00 AM,0,899
12/13/22,10:23:00 AM,4.5,900
12/13/22,12:23:00 PM,16.5,901
12/13/22,2:23:00 PM,18,902
12/13/22,4:23:00 PM,5.5,903
12/13/22,6:23:00 PM,0.5,904
12/13/22,8:23:00 PM,-1,905
12/13/22,10:23:00 PM,-1.5,906
12/14/22,12:23:00 AM,-2,907
12/14/22,2:23:00 AM,-2.5,908
12/14/22,4:23:00 AM,-1.5,909
12/14/22,6:23:00 AM,-1.5,910
12/14/22,8:23:00 AM,0,911
12/14/22,10:23:00 AM,7,912
12/14/22,12:23:00 PM,15.5,913
12/14/22,2:23:00 PM,18.5,914
12/14/22,4:23:00 PM,7,915
12/14/22,6:23:00 PM,2,916
12/14/22,8:23:00 PM,0,917
12/14/22,10:23:00 PM,-1,918
12/15/22,12:23:00 AM,-1.5,919
12/15/22,2:23:00 AM,-2.5,920
12/15/22,4:23:00 AM,-1.5,921
12/15/22,6:23:00 AM,-2.5,922
12/15/22,8:23:00 AM,0,923
12/15/22,10:23:00 AM,9,924
12/15/22,12:23:00 PM,19,925
12/15/22,2:23:00 PM,21.5,926
12/15/22,4:23:00 PM,8.5,927
12/15/22,6:23:00 PM,1.5,928
12/15/22,8:23:00 PM,-0.5,929
12/15/22,10:23:00 PM,-1.5,930
12/16/22,12:23:00 AM,-3,931
12/16/22,2:23:00 AM,-3.5,932
12/16/22,4:23:00 AM,-4,933
12/16/22,6:23:00 AM,-4.5,934
12/16/22,8:23:00 AM,-1.5,935
12/16/22,10:23:00 AM,11.5,936
12/16/22,12:23:00 PM,19,937
12/16/22,2:23:00 PM,22,938
12/16/22,4:23:00 PM,7,939
12/16/22,6:23:00 PM,0.5,940
12/16/22,8:23:00 PM,-1,941
12/16/22,10:23:00 PM,-2.5,942
12/17/22,12:23:00 AM,-3,943
12/17/22,2:23:00 AM,-3.5,944
12/17/22,4:23:00 AM,-4,945
12/17/22,6:23:00 AM,-4.5,946
12/17/22,8:23:00 AM,-3.5,947
12/17/22,10:23:00 AM,11.5,948
12/17/22,12:23:00 PM,21,949
12/17/22,2:23:00 PM,22.5,950
12/17/22,4:23:00 PM,6.5,951
12/17/22,6:23:00 PM,0,952
12/17/22,8:23:00 PM,-1.5,953
12/17/22,10:23:00 PM,-2.5,954
12/18/22,12:23:00 AM,-3,955
12/18/22,2:23:00 AM,-3.5,956
12/18/22,4:23:00 AM,-4,957
12/18/22,6:23:00 AM,-4.5,958
12/18/22,8:23:00 AM,-3.5,959
12/18/22,10:23:00 AM,11,960
12/18/22,12:23:00 PM,19,961
12/18/22,2:23:00 PM,22,962
12/18/22,4:23:00 PM,6.5,963
12/18/22,6:23:00 PM,1,964
12/18/22,8:23:00 PM,-0.5,965
12/18/22,10:23:00 PM,-1.5,966
12/19/22,12:23:00 AM,-2.5,967
12/19/22,2:23:00 AM,-3,968
12/19/22,4:23:00 AM,-3,969
12/19/22,6:23:00 AM,-2,970
12/19/22,8:23:00 AM,0,971
12/19/22,10:23:00 AM,7,972
12/19/22,12:23:00 PM,16,973
12/19/22,2:23:00 PM,12.5,974
12/19/22,4:23:00 PM,7.5,975
12/19/22,6:23:00 PM,5.5,976
12/19/22,8:23:00 PM,4.5,977
12/19/22,10:23:00 PM,4,978
12/20/22,12:23:00 AM,3.5,979
12/20/22,2:23:00 AM,4,980
12/20/22,4:23:00 AM,4,981
12/20/22,6:23:00 AM,3,982
12/20/22,8:23:00 AM,3.5,983
12/20/22,10:23:00 AM,18,984
12/20/22,12:23:00 PM,16,985
12/20/22,2:23:00 PM,15,986
12/20/22,4:23:00 PM,12,987
12/20/22,6:23:00 PM,7,988
12/20/22,8:23:00 PM,6.5,989
12/20/22,10:23:00 PM,6,990
12/21/22,12:23:00 AM,4.5,991
12/21/22,2:23:00 AM,4.5,992
12/21/22,4:23:00 AM,5.5,993
12/21/22,6:23:00 AM,6.5,994
12/21/22,8:23:00 AM,8,995
12/21/22,10:23:00 AM,13,996
12/21/22,12:23:00 PM,18.5,997
12/21/22,2:23:00 PM,16.5,998
12/21/22,4:23:00 PM,12,999
12/21/22,6:23:00 PM,10.5,1000
12/21/22,8:23:00 PM,11,1001
12/21/22,10:23:00 PM,10.5,1002
12/22/22,12:23:00 AM,10.5,1003
12/22/22,2:23:00 AM,10,1004
12/22/22,4:23:00 AM,10,1005
12/22/22,6:23:00 AM,10,1006
12/22/22,8:23:00 AM,10.5,1007
12/22/22,10:23:00 AM,12.5,1008
12/22/22,12:23:00 PM,16,1009
12/22/22,2:23:00 PM,13,1010
12/22/22,4:23:00 PM,11.5,1011
12/22/22,6:23:00 PM,10.5,1012
12/22/22,8:23:00 PM,9,1013
12/22/22,10:23:00 PM,8.5,1014
12/23/22,12:23:00 AM,8.5,1015
12/23/22,2:23:00 AM,8.5,1016
12/23/22,4:23:00 AM,8,1017
12/23/22,6:23:00 AM,8,1018
12/23/22,8:23:00 AM,8.5,1019
12/23/22,10:23:00 AM,12.5,1020
12/23/22,12:23:00 PM,14.5,1021
12/23/22,2:23:00 PM,15.5,1022
12/23/22,4:23:00 PM,13.5,1023
12/23/22,6:23:00 PM,9,1024
12/23/22,8:23:00 PM,6,1025
12/23/22,10:23:00 PM,6.5,1026
12/24/22,12:23:00 AM,9,1027
12/24/22,2:23:00 AM,9,1028
12/24/22,4:23:00 AM,9,1029
12/24/22,6:23:00 AM,9,1030
12/24/22,8:23:00 AM,10,1031
12/24/22,10:23:00 AM,14,1032
12/24/22,12:23:00 PM,24,1033
12/24/22,2:23:00 PM,18.5,1034
12/24/22,4:23:00 PM,14.5,1035
12/24/22,6:23:00 PM,9,1036
12/24/22,8:23:00 PM,8,1037
12/24/22,10:23:00 PM,10,1038
12/25/22,12:23:00 AM,11,1039
12/25/22,2:23:00 AM,10,1040
12/25/22,4:23:00 AM,9.5,1041
12/25/22,6:23:00 AM,9.5,1042
12/25/22,8:23:00 AM,9,1043
12/25/22,10:23:00 AM,14.5,1044
12/25/22,12:23:00 PM,20,1045
12/25/22,2:23:00 PM,22.5,1046
12/25/22,4:23:00 PM,15,1047
12/25/22,6:23:00 PM,9.5,1048
12/25/22,8:23:00 PM,9,1049
12/25/22,10:23:00 PM,8.5,1050
12/26/22,12:23:00 AM,9.5,1051
12/26/22,2:23:00 AM,10,1052
12/26/22,4:23:00 AM,10.5,1053
12/26/22,6:23:00 AM,10.5,1054
12/26/22,8:23:00 AM,10,1055
12/26/22,10:23:00 AM,13,1056
12/26/22,12:23:00 PM,15.5,1057
12/26/22,2:23:00 PM,14,1058
12/26/22,4:23:00 PM,12,1059
12/26/22,6:23:00 PM,10,1060
12/26/22,8:23:00 PM,10.5,1061
12/26/22,10:23:00 PM,10,1062
12/27/22,12:23:00 AM,10,1063
12/27/22,2:23:00 AM,11,1064
12/27/22,4:23:00 AM,12,1065
12/27/22,6:23:00 AM,12,1066
12/27/22,8:23:00 AM,11,1067
12/27/22,10:23:00 AM,11,1068
12/27/22,12:23:00 PM,12.5,1069
12/27/22,2:23:00 PM,12.5,1070
12/27/22,4:23:00 PM,9.5,1071
12/27/22,6:23:00 PM,7.5,1072
12/27/22,8:23:00 PM,6,1073
12/27/22,10:23:00 PM,4.5,1074
12/28/22,12:23:00 AM,3,1075
12/28/22,2:23:00 AM,4.5,1076
12/28/22,4:23:00 AM,2,1077
12/28/22,6:23:00 AM,2.5,1078
12/28/22,8:23:00 AM,4.5,1079
12/28/22,10:23:00 AM,8,1080
12/28/22,12:23:00 PM,13,1081
12/28/22,2:23:00 PM,14.5,1082
12/28/22,4:23:00 PM,10,1083
12/28/22,6:23:00 PM,7,1084
12/28/22,8:23:00 PM,7,1085
12/28/22,10:23:00 PM,7.5,1086
12/29/22,12:23:00 AM,6,1087
12/29/22,2:23:00 AM,6,1088
12/29/22,4:23:00 AM,6,1089
12/29/22,6:23:00 AM,6,1090
12/29/22,8:23:00 AM,7,1091
12/29/22,10:23:00 AM,10.5,1092
12/29/22,12:23:00 PM,10.5,1093
12/29/22,2:23:00 PM,10,1094
12/29/22,4:23:00 PM,9,1095
12/29/22,6:23:00 PM,8,1096
12/29/22,8:23:00 PM,8.5,1097
12/29/22,10:23:00 PM,9,1098
12/30/22,12:23:00 AM,9,1099
12/30/22,2:23:00 AM,9.5,1100
12/30/22,4:23:00 AM,10,1101
12/30/22,6:23:00 AM,10,1102
12/30/22,8:23:00 AM,11.5,1103
12/30/22,10:23:00 AM,12.5,1104
12/30/22,12:23:00 PM,14.5,1105
12/30/22,2:23:00 PM,15,1106
12/30/22,4:23:00 PM,14.5,1107
12/30/22,6:23:00 PM,14,1108
12/30/22,8:23:00 PM,13.5,1109
12/30/22,10:23:00 PM,13,1110
12/31/22,12:23:00 AM,12,1111
12/31/22,2:23:00 AM,11,1112
12/31/22,4:23:00 AM,12,1113
12/31/22,6:23:00 AM,11,1114
12/31/22,8:23:00 AM,9.5,1115
12/31/22,10:23:00 AM,10.5,1116
12/31/22,12:23:00 PM,13,1117
12/31/22,2:23:00 PM,10,1118
12/31/22,4:23:00 PM,9,1119
12/31/22,6:23:00 PM,8.5,1120
12/31/22,8:23:00 PM,8.5,1121
12/31/22,10:23:00 PM,6.5,1122
1/1/23,12:23:00 AM,5.5,1123
1/1/23,2:23:00 AM,3,1124
1/1/23,4:23:00 AM,3,1125
1/1/23,6:23:00 AM,1.5,1126
1/1/23,8:23:00 AM,1,1127
1/1/23,10:23:00 AM,11.5,1128
1/1/23,12:23:00 PM,16,1129
1/1/23,2:23:00 PM,17.5,1130
1/1/23,4:23:00 PM,12,1131
1/1/23,6:23:00 PM,4,1132
1/1/23,8:23:00 PM,2,1133
1/1/23,10:23:00 PM,2.5,1134
1/2/23,12:23:00 AM,2,1135
1/2/23,2:23:00 AM,2,1136
1/2/23,4:23:00 AM,2.5,1137
1/2/23,6:23:00 AM,2,1138
1/2/23,8:23:00 AM,3.5,1139
1/2/23,10:23:00 AM,6.5,1140
1/2/23,12:23:00 PM,7.5,1141
1/2/23,2:23:00 PM,5,1142
1/2/23,4:23:00 PM,4.5,1143
1/2/23,6:23:00 PM,3.5,1144
1/2/23,8:23:00 PM,3,1145
1/2/23,10:23:00 PM,2,1146
1/3/23,12:23:00 AM,3,1147
1/3/23,2:23:00 AM,3,1148
1/3/23,4:23:00 AM,2.5,1149
1/3/23,6:23:00 AM,1,1150
1/3/23,8:23:00 AM,4,1151
1/3/23,10:23:00 AM,7,1152
1/3/23,12:23:00 PM,9,1153
1/3/23,2:23:00 PM,9,1154
1/3/23,4:23:00 PM,9,1155
1/3/23,6:23:00 PM,7,1156
1/3/23,8:23:00 PM,7.5,1157
1/3/23,10:23:00 PM,6.5,1158
1/4/23,12:23:00 AM,8,1159
1/4/23,2:23:00 AM,8.5,1160
1/4/23,4:23:00 AM,7.5,1161
1/4/23,6:23:00 AM,7,1162
1/4/23,8:23:00 AM,7.5,1163
1/4/23,10:23:00 AM,9.5,1164
1/4/23,12:23:00 PM,12.5,1165
1/4/23,2:23:00 PM,11,1166
1/4/23,4:23:00 PM,11,1167
1/4/23,6:23:00 PM,11.5,1168
1/4/23,8:23:00 PM,10,1169
1/4/23,10:23:00 PM,11,1170
1/5/23,12:23:00 AM,10.5,1171
1/5/23,2:23:00 AM,10,1172
1/5/23,4:23:00 AM,9.5,1173
1/5/23,6:23:00 AM,9.5,1174
1/5/23,8:23:00 AM,9,1175
1/5/23,10:23:00 AM,9.5,1176
1/5/23,12:23:00 PM,12,1177
1/5/23,2:23:00 PM,12,1178
1/5/23,4:23:00 PM,8.5,1179
1/5/23,6:23:00 PM,5,1180
1/5/23,8:23:00 PM,4,1181
1/5/23,10:23:00 PM,4.5,1182
1/6/23,12:23:00 AM,6.5,1183
1/6/23,2:23:00 AM,7,1184
1/6/23,4:23:00 AM,7.5,1185
1/6/23,6:23:00 AM,8,1186
1/6/23,8:23:00 AM,8.5,1187
1/6/23,10:23:00 AM,11,1188
1/6/23,12:23:00 PM,12,1189
1/6/23,2:23:00 PM,10.5,1190
1/6/23,4:23:00 PM,10,1191
1/6/23,6:23:00 PM,10,1192
1/6/23,8:23:00 PM,10,1193
1/6/23,10:23:00 PM,10,1194
1/7/23,12:23:00 AM,8,1195
1/7/23,2:23:00 AM,8,1196
1/7/23,4:23:00 AM,7.5,1197
1/7/23,6:23:00 AM,7.5,1198
1/7/23,8:23:00 AM,7,1199
1/7/23,10:23:00 AM,7.5,1200
1/7/23,12:23:00 PM,8,1201
1/7/23,2:23:00 PM,7.5,1202
1/7/23,4:23:00 PM,7.5,1203
1/7/23,6:23:00 PM,8.5,1204
1/7/23,8:23:00 PM,8,1205
1/7/23,10:23:00 PM,9,1206
1/8/23,12:23:00 AM,8.5,1207
1/8/23,2:23:00 AM,9,1208
1/8/23,4:23:00 AM,7.5,1209
1/8/23,6:23:00 AM,7.5,1210
1/8/23,8:23:00 AM,10,1211
1/8/23,10:23:00 AM,13.5,1212
1/8/23,12:23:00 PM,16,1213
1/8/23,2:23:00 PM,13,1214
1/8/23,4:23:00 PM,11,1215
1/8/23,6:23:00 PM,11,1216
1/8/23,8:23:00 PM,11.5,1217
1/8/23,10:23:00 PM,10,1218
1/9/23,12:23:00 AM,10,1219
1/9/23,2:23:00 AM,11,1220
1/9/23,4:23:00 AM,11,1221
1/9/23,6:23:00 AM,11,1222
1/9/23,8:23:00 AM,9,1223
1/9/23,10:23:00 AM,15.5,1224
1/9/23,12:23:00 PM,20,1225
1/9/23,2:23:00 PM,21.5,1226
1/9/23,4:23:00 PM,14.5,1227
1/9/23,6:23:00 PM,7,1228
1/9/23,8:23:00 PM,6.5,1229
1/9/23,10:23:00 PM,7,1230
1/10/23,12:23:00 AM,10.5,1231
1/10/23,2:23:00 AM,9,1232
1/10/23,4:23:00 AM,8.5,1233
1/10/23,6:23:00 AM,8.5,1234
1/10/23,8:23:00 AM,8,1235
1/10/23,10:23:00 AM,8,1236
1/10/23,12:23:00 PM,7.5,1237
1/10/23,2:23:00 PM,10,1238
1/10/23,4:23:00 PM,8.5,1239
1/10/23,6:23:00 PM,6.5,1240
1/10/23,8:23:00 PM,5.5,1241
1/10/23,10:23:00 PM,7,1242
1/11/23,12:23:00 AM,7,1243
1/11/23,2:23:00 AM,7.5,1244
1/11/23,4:23:00 AM,8,1245
1/11/23,6:23:00 AM,8,1246
1/11/23,8:23:00 AM,8,1247
1/11/23,10:23:00 AM,9,1248
1/11/23,12:23:00 PM,9.5,1249
1/11/23,2:23:00 PM,10,1250
1/11/23,4:23:00 PM,9,1251
1/11/23,6:23:00 PM,9,1252
1/11/23,8:23:00 PM,9.5,1253
1/11/23,10:23:00 PM,10,1254
1/12/23,12:23:00 AM,11.5,1255
1/12/23,2:23:00 AM,11,1256
1/12/23,4:23:00 AM,11.5,1257
1/12/23,6:23:00 AM,11.5,1258
1/12/23,8:23:00 AM,12.5,1259
1/12/23,10:23:00 AM,19,1260
1/12/23,12:23:00 PM,17.5,1261
1/12/23,2:23:00 PM,19.5,1262
1/12/23,4:23:00 PM,15,1263
1/12/23,6:23:00 PM,13.5,1264
1/12/23,8:23:00 PM,14,1265
1/12/23,10:23:00 PM,10.5,1266
1/13/23,12:23:00 AM,11.5,1267
1/13/23,2:23:00 AM,9.5,1268
1/13/23,4:23:00 AM,9.5,1269
1/13/23,6:23:00 AM,9,1270
1/13/23,8:23:00 AM,9,1271
1/13/23,10:23:00 AM,11,1272
1/13/23,12:23:00 PM,13,1273
1/13/23,2:23:00 PM,13,1274
1/13/23,4:23:00 PM,11.5,1275
1/13/23,6:23:00 PM,10.5,1276
1/13/23,8:23:00 PM,10,1277
1/13/23,10:23:00 PM,10.5,1278
1/14/23,12:23:00 AM,10.5,1279
1/14/23,2:23:00 AM,10,1280
1/14/23,4:23:00 AM,10,1281
1/14/23,6:23:00 AM,10,1282
1/14/23,8:23:00 AM,9,1283
1/14/23,10:23:00 AM,11.5,1284
1/14/23,12:23:00 PM,11,1285
1/14/23,2:23:00 PM,12.5,1286
1/14/23,4:23:00 PM,10,1287
1/14/23,6:23:00 PM,6.5,1288
1/14/23,8:23:00 PM,6,1289
1/14/23,10:23:00 PM,6,1290
1/15/23,12:23:00 AM,6,1291
1/15/23,2:23:00 AM,5.5,1292
1/15/23,4:23:00 AM,5.5,1293
1/15/23,6:23:00 AM,5.5,1294
1/15/23,8:23:00 AM,6.5,1295
1/15/23,10:23:00 AM,9.5,1296
1/15/23,12:23:00 PM,11,1297
1/15/23,2:23:00 PM,10.5,1298
1/15/23,4:23:00 PM,8.5,1299
1/15/23,6:23:00 PM,7,1300
1/15/23,8:23:00 PM,6,1301
1/15/23,10:23:00 PM,6,1302
1/16/23,12:23:00 AM,6,1303
1/16/23,2:23:00 AM,6,1304
1/16/23,4:23:00 AM,5.5,1305
1/16/23,6:23:00 AM,4,1306
1/16/23,8:23:00 AM,5,1307
1/16/23,10:23:00 AM,8.5,1308
1/16/23,12:23:00 PM,11,1309
1/16/23,2:23:00 PM,13.5,1310
1/16/23,4:23:00 PM,11,1311
1/16/23,6:23:00 PM,4.5,1312
1/16/23,8:23:00 PM,1,1313
1/16/23,10:23:00 PM,0,1314
1/17/23,12:23:00 AM,-1.5,1315
1/17/23,2:23:00 AM,-1,1316
1/17/23,4:23:00 AM,-2,1317
1/17/23,6:23:00 AM,-3.5,1318
1/17/23,8:23:00 AM,-2.5,1319
1/17/23,10:23:00 AM,8.5,1320
1/17/23,12:23:00 PM,14.5,1321
1/17/23,2:23:00 PM,19.5,1322
1/17/23,4:23:00 PM,14.5,1323
1/17/23,6:23:00 PM,3,1324
1/17/23,8:23:00 PM,1,1325
1/17/23,10:23:00 PM,-0.5,1326
1/18/23,12:23:00 AM,-1.5,1327
1/18/23,2:23:00 AM,-1.5,1328
1/18/23,4:23:00 AM,-0.5,1329
1/18/23,6:23:00 AM,-1.5,1330
1/18/23,8:23:00 AM,0,1331
1/18/23,10:23:00 AM,6,1332
1/18/23,12:23:00 PM,11,1333
1/18/23,2:23:00 PM,8.5,1334
1/18/23,4:23:00 PM,7,1335
1/18/23,6:23:00 PM,7.5,1336
1/18/23,8:23:00 PM,4,1337
1/18/23,10:23:00 PM,0,1338
1/19/23,12:23:00 AM,2.5,1339
1/19/23,2:23:00 AM,2.5,1340
1/19/23,4:23:00 AM,2,1341
1/19/23,6:23:00 AM,1.5,1342
1/19/23,8:23:00 AM,1,1343
1/19/23,10:23:00 AM,11.5,1344
1/19/23,12:23:00 PM,13.5,1345
1/19/23,2:23:00 PM,16,1346
1/19/23,4:23:00 PM,12,1347
1/19/23,6:23:00 PM,2,1348
1/19/23,8:23:00 PM,-0.5,1349
1/19/23,10:23:00 PM,-1.5,1350
1/20/23,12:23:00 AM,-1.5,1351
1/20/23,2:23:00 AM,-3.5,1352
1/20/23,4:23:00 AM,-4.5,1353
1/20/23,6:23:00 AM,-5.5,1354
1/20/23,8:23:00 AM,-2,1355
1/20/23,10:23:00 AM,10,1356
1/20/23,12:23:00 PM,16,1357
1/20/23,2:23:00 PM,23.5,1358
1/20/23,4:23:00 PM,19,1359
1/20/23,6:23:00 PM,0.5,1360
1/20/23,8:23:00 PM,-2,1361
1/20/23,10:23:00 PM,-2.5,1362
1/21/23,12:23:00 AM,-3.5,1363
1/21/23,2:23:00 AM,-4.5,1364
1/21/23,4:23:00 AM,-5,1365
1/21/23,6:23:00 AM,-5.5,1366
1/21/23,8:23:00 AM,-1,1367
1/21/23,10:23:00 AM,9,1368
1/21/23,12:23:00 PM,17.5,1369
1/21/23,2:23:00 PM,25,1370
1/21/23,4:23:00 PM,19,1371
1/21/23,6:23:00 PM,3.5,1372
1/21/23,8:23:00 PM,1.5,1373
1/21/23,10:23:00 PM,1.5,1374
1/22/23,12:23:00 AM,1.5,1375
1/22/23,2:23:00 AM,-1,1376
1/22/23,4:23:00 AM,-1,1377
1/22/23,6:23:00 AM,0,1378
1/22/23,8:23:00 AM,1.5,1379
1/22/23,10:23:00 AM,11.5,1380
1/22/23,12:23:00 PM,16.5,1381
1/22/23,2:23:00 PM,20,1382
1/22/23,4:23:00 PM,17.5,1383
1/22/23,6:23:00 PM,7,1384
1/22/23,8:23:00 PM,1.5,1385
1/22/23,10:23:00 PM,-0.5,1386
1/23/23,12:23:00 AM,-0.5,1387
1/23/23,2:23:00 AM,-1.5,1388
1/23/23,4:23:00 AM,-2,1389
1/23/23,6:23:00 AM,-3.5,1390
1/23/23,8:23:00 AM,0,1391
1/23/23,10:23:00 AM,12.5,1392
1/23/23,12:23:00 PM,23,1393
1/23/23,2:23:00 PM,30.5,1394
1/23/23,4:23:00 PM,26,1395
1/23/23,6:23:00 PM,4.5,1396
1/23/23,8:23:00 PM,1.5,1397
1/23/23,10:23:00 PM,0.5,1398
1/24/23,12:23:00 AM,-0.5,1399
1/24/23,2:23:00 AM,-1.5,1400
1/24/23,4:23:00 AM,-2.5,1401
1/24/23,6:23:00 AM,-2.5,1402
1/24/23,8:23:00 AM,0.5,1403
1/24/23,10:23:00 AM,15,1404
1/24/23,12:23:00 PM,25.5,1405
1/24/23,2:23:00 PM,36,1406
1/24/23,4:23:00 PM,29,1407
1/24/23,6:23:00 PM,6.5,1408
1/24/23,8:23:00 PM,4,1409
1/24/23,10:23:00 PM,1.5,1410
1/25/23,12:23:00 AM,0,1411
1/25/23,2:23:00 AM,-1.5,1412
1/25/23,4:23:00 AM,-1,1413
1/25/23,6:23:00 AM,-2,1414
1/25/23,8:23:00 AM,1,1415
1/25/23,10:23:00 AM,15.5,1416
1/25/23,12:23:00 PM,26,1417
1/25/23,2:23:00 PM,34,1418
1/25/23,4:23:00 PM,29.5,1419
1/25/23,6:23:00 PM,8,1420
1/25/23,8:23:00 PM,4,1421
1/25/23,10:23:00 PM,2,1422
1/26/23,12:23:00 AM,1,1423
1/26/23,2:23:00 AM,-1,1424
1/26/23,4:23:00 AM,-2,1425
1/26/23,6:23:00 AM,-1.5,1426
1/26/23,8:23:00 AM,2.5,1427
1/26/23,10:23:00 AM,19.5,1428
1/26/23,12:23:00 PM,27,1429
1/26/23,2:23:00 PM,29,1430
1/26/23,4:23:00 PM,30,1431
1/26/23,6:23:00 PM,7,1432
1/26/23,8:23:00 PM,3.5,1433
1/26/23,10:23:00 PM,1.5,1434
1/27/23,12:23:00 AM,0.5,1435
1/27/23,2:23:00 AM,-1,1436
1/27/23,4:23:00 AM,-1.5,1437
1/27/23,6:23:00 AM,-3,1438
1/27/23,8:23:00 AM,1,1439
1/27/23,10:23:00 AM,15,1440
1/27/23,12:23:00 PM,22.5,1441
1/27/23, 2:04:00 PM,31,1442
1/27/23, 4:04:00 PM,24,1443
1/27/23, 6:04:00 PM,14.5,1444
1/27/23, 8:04:00 PM,10.5,1445
1/27/23, 10:04:00 PM,5.5,1446
1/28/23, 12:04:00 AM,2.5,1447
1/28/23, 2:04:00 AM,1.5,1448
1/28/23, 4:04:00 AM,1.5,1449
1/28/23, 6:04:00 AM,-0.5,1450
1/28/23, 8:04:00 AM,-1,1451
1/28/23, 10:04:00 AM,7,1452
1/28/23, 12:04:00 PM,15.5,1453
1/28/23, 2:04:00 PM,19.5,1454
1/28/23, 4:04:00 PM,18.5,1455
1/28/23, 6:04:00 PM,10,1456
1/28/23, 8:04:00 PM,4.5,1457
1/28/23, 10:04:00 PM,1,1458
1/29/23, 12:04:00 AM,0,1459
1/29/23, 2:04:00 AM,3.5,1460
1/29/23, 4:04:00 AM,3,1461
1/29/23, 6:04:00 AM,2,1462
1/29/23, 8:04:00 AM,-1.5,1463
1/29/23, 10:04:00 AM,5.5,1464
1/29/23, 12:04:00 PM,10.5,1465
1/29/23, 2:04:00 PM,13,1466
1/29/23, 4:04:00 PM,15.5,1467
1/29/23, 6:04:00 PM,9.5,1468
1/29/23, 8:04:00 PM,1,1469
1/29/23, 10:04:00 PM,0.5,1470
1/30/23, 12:04:00 AM,-3,1471
1/30/23, 2:04:00 AM,-3.5,1472
1/30/23, 4:04:00 AM,-4.5,1473
1/30/23, 6:04:00 AM,-5,1474
1/30/23, 8:04:00 AM,-6.5,1475
1/30/23, 10:04:00 AM,2.5,1476
1/30/23, 12:04:00 PM,13,1477
1/30/23, 2:04:00 PM,17.5,1478
1/30/23, 4:04:00 PM,20,1479
1/30/23, 6:04:00 PM,7,1480
1/30/23, 8:04:00 PM,-0.5,1481
1/30/23, 10:04:00 PM,-2.5,1482
1/31/23, 12:04:00 AM,-4,1483
1/31/23, 2:04:00 AM,-4,1484
1/31/23, 4:04:00 AM,-6,1485
1/31/23, 6:04:00 AM,-6.5,1486
1/31/23, 8:04:00 AM,-6.5,1487
1/31/23, 10:04:00 AM,3.5,1488
1/31/23, 12:04:00 PM,12.5,1489
1/31/23, 2:04:00 PM,19,1490
1/31/23, 4:04:00 PM,22.5,1491
1/31/23, 6:04:00 PM,10,1492
1/31/23, 8:04:00 PM,2.5,1493
1/31/23, 10:04:00 PM,0.5,1494
2/1/23, 12:04:00 AM,-1.5,1495
2/1/23, 2:04:00 AM,-1.5,1496
2/1/23, 4:04:00 AM,-3.5,1497
2/1/23, 6:04:00 AM,-4,1498
2/1/23, 8:04:00 AM,-3.5,1499
2/1/23, 10:04:00 AM,2.5,1500
2/1/23, 12:04:00 PM,13,1501
2/1/23, 2:04:00 PM,16.5,1502
2/1/23, 4:04:00 PM,18.5,1503
2/1/23, 6:04:00 PM,12,1504
2/1/23, 8:04:00 PM,3,1505
2/1/23, 10:04:00 PM,0.5,1506
2/2/23, 12:04:00 AM,2,1507
2/2/23, 2:04:00 AM,-0.5,1508
2/2/23, 4:04:00 AM,-2.5,1509
2/2/23, 6:04:00 AM,-3,1510
2/2/23, 8:04:00 AM,-3,1511
2/2/23, 10:04:00 AM,3,1512
2/2/23, 12:04:00 PM,10.5,1513
2/2/23, 2:04:00 PM,19.5,1514
2/2/23, 4:04:00 PM,15.5,1515
2/2/23, 6:04:00 PM,12.5,1516
2/2/23, 8:04:00 PM,8.5,1517
2/2/23, 10:04:00 PM,11.5,1518
2/3/23, 12:04:00 AM,9.5,1519
2/3/23, 2:04:00 AM,9.5,1520
2/3/23, 4:04:00 AM,6,1521
2/3/23, 6:04:00 AM,6.5,1522
2/3/23, 8:04:00 AM,7,1523
2/3/23, 10:04:00 AM,9.5,1524
2/3/23, 12:04:00 PM,11,1525
2/3/23, 2:04:00 PM,11,1526
2/3/23, 4:04:00 PM,14,1527
2/3/23, 6:04:00 PM,9.5,1528
2/3/23, 8:04:00 PM,4,1529
2/3/23, 10:04:00 PM,3.5,1530
2/4/23, 12:04:00 AM,2.5,1531
2/4/23, 2:04:00 AM,1.5,1532
2/4/23, 4:04:00 AM,2,1533
2/4/23, 6:04:00 AM,3.5,1534
2/4/23, 8:04:00 AM,4,1535
2/4/23, 10:04:00 AM,7,1536
2/4/23, 12:04:00 PM,10.5,1537
2/4/23, 2:04:00 PM,11.5,1538
2/4/23, 4:04:00 PM,10.5,1539
2/4/23, 6:04:00 PM,11,1540
2/4/23, 8:04:00 PM,10.5,1541
2/4/23, 10:04:00 PM,8.5,1542
2/5/23, 12:04:00 AM,7.5,1543
2/5/23, 2:04:00 AM,6.5,1544
2/5/23, 4:04:00 AM,6.5,1545
2/5/23, 6:04:00 AM,6.5,1546
2/5/23, 8:04:00 AM,6,1547
2/5/23, 10:04:00 AM,9.5,1548
2/5/23, 12:04:00 PM,9,1549
2/5/23, 2:04:00 PM,11,1550
2/5/23, 4:04:00 PM,9.5,1551
2/5/23, 6:04:00 PM,7.5,1552
2/5/23, 8:04:00 PM,5,1553
2/5/23, 10:04:00 PM,4,1554
2/6/23, 12:04:00 AM,2,1555
2/6/23, 2:04:00 AM,1.5,1556
2/6/23, 4:04:00 AM,-0.5,1557
2/6/23, 6:04:00 AM,0,1558
2/6/23, 8:04:00 AM,-1.5,1559
2/6/23, 10:04:00 AM,7,1560
2/6/23, 12:04:00 PM,11.5,1561
2/6/23, 2:04:00 PM,15.5,1562
2/6/23, 4:04:00 PM,17,1563
2/6/23, 6:04:00 PM,13,1564
2/6/23, 8:04:00 PM,4.5,1565
2/6/23, 10:04:00 PM,2.5,1566
2/7/23, 12:04:00 AM,1.5,1567
2/7/23, 2:04:00 AM,0,1568
2/7/23, 4:04:00 AM,0.5,1569
2/7/23, 6:04:00 AM,-1,1570
2/7/23, 8:04:00 AM,-1.5,1571
2/7/23, 10:04:00 AM,5,1572
2/7/23, 12:04:00 PM,12.5,1573
2/7/23, 2:04:00 PM,18.5,1574
2/7/23, 4:04:00 PM,20,1575
2/7/23, 6:04:00 PM,13.5,1576
2/7/23, 8:04:00 PM,4.5,1577
2/7/23, 10:04:00 PM,3,1578
2/8/23, 12:04:00 AM,2.5,1579
2/8/23, 2:04:00 AM,1,1580
2/8/23, 4:04:00 AM,0,1581
2/8/23, 6:04:00 AM,-0.5,1582
2/8/23, 8:04:00 AM,-2.5,1583
2/8/23, 10:04:00 AM,7.5,1584
2/8/23, 12:04:00 PM,15,1585
2/8/23, 2:04:00 PM,21,1586
2/8/23, 4:04:00 PM,25,1587
2/8/23, 6:04:00 PM,14,1588
2/8/23, 8:04:00 PM,5.5,1589
2/8/23, 10:04:00 PM,3.5,1590
2/9/23, 12:04:00 AM,1.5,1591
2/9/23, 2:04:00 AM,0,1592
2/9/23, 4:04:00 AM,-1,1593
2/9/23, 6:04:00 AM,-1.5,1594
2/9/23, 8:04:00 AM,-2.5,1595
2/9/23, 10:04:00 AM,9,1596
2/9/23, 12:04:00 PM,18,1597
2/9/23, 2:04:00 PM,24.5,1598
2/9/23, 4:04:00 PM,26.5,1599
2/9/23, 6:04:00 PM,17,1600
2/9/23, 8:04:00 PM,4.5,1601
2/9/23, 10:04:00 PM,1.5,1602
2/10/23, 12:04:00 AM,-0.5,1603
2/10/23, 2:04:00 AM,-1.5,1604
2/10/23, 4:04:00 AM,-2,1605
2/10/23, 6:04:00 AM,-2.5,1606
2/10/23, 8:04:00 AM,-2,1607
2/10/23, 10:04:00 AM,8.5,1608
2/10/23, 12:04:00 PM,16.5,1609
2/10/23, 2:04:00 PM,11,1610
2/10/23, 4:04:00 PM,10,1611
2/10/23, 6:04:00 PM,10,1612
2/10/23, 8:04:00 PM,5,1613
2/10/23, 10:04:00 PM,5,1614
2/11/23, 12:04:00 AM,5,1615
2/11/23, 2:04:00 AM,4.5,1616
2/11/23, 4:04:00 AM,4,1617
2/11/23, 6:04:00 AM,0.5,1618
2/11/23, 8:04:00 AM,1.5,1619
2/11/23, 10:04:00 AM,4.5,1620
2/11/23, 12:04:00 PM,10.5,1621
2/11/23, 2:04:00 PM,15,1622
2/11/23, 4:04:00 PM,16.5,1623
2/11/23, 6:04:00 PM,12.5,1624
2/11/23, 8:04:00 PM,4,1625
2/11/23, 10:04:00 PM,2.5,1626
2/12/23, 12:04:00 AM,1.5,1627
2/12/23, 2:04:00 AM,1,1628
2/12/23, 4:04:00 AM,1.5,1629
2/12/23, 6:04:00 AM,-1,1630
2/12/23, 8:04:00 AM,-2,1631
2/12/23, 10:04:00 AM,8.5,1632
2/12/23, 12:04:00 PM,17,1633
2/12/23, 2:04:00 PM,25,1634
2/12/23, 4:04:00 PM,27,1635
2/12/23, 6:04:00 PM,19.5,1636
2/12/23, 8:04:00 PM,7.5,1637
2/12/23, 10:04:00 PM,4,1638
2/13/23, 12:04:00 AM,2.5,1639
2/13/23, 2:04:00 AM,1.5,1640
2/13/23, 4:04:00 AM,0.5,1641
2/13/23, 6:04:00 AM,0.5,1642
2/13/23, 8:04:00 AM,0.5,1643
2/13/23, 10:04:00 AM,11,1644
2/13/23, 12:04:00 PM,18,1645
2/13/23, 2:04:00 PM,19,1646
2/13/23, 4:04:00 PM,16.5,1647
2/13/23, 6:04:00 PM,11.5,1648
2/13/23, 8:04:00 PM,6.5,1649
2/13/23, 10:04:00 PM,4.5,1650
2/14/23, 12:04:00 AM,1,1651
2/14/23, 2:04:00 AM,0,1652
2/14/23, 4:04:00 AM,0,1653
2/14/23, 6:04:00 AM,1,1654
2/14/23, 8:04:00 AM,1,1655
2/14/23, 10:04:00 AM,6.5,1656
2/14/23, 12:04:00 PM,5.5,1657
2/14/23, 2:04:00 PM,12,1658
2/14/23, 4:04:00 PM,12,1659
2/14/23, 6:04:00 PM,9,1660
2/14/23, 8:04:00 PM,4,1661
2/14/23, 10:04:00 PM,0.5,1662
2/15/23, 12:04:00 AM,-3,1663
2/15/23, 2:04:00 AM,-4,1664
2/15/23, 4:04:00 AM,-5,1665
2/15/23, 6:04:00 AM,-5,1666
2/15/23, 8:04:00 AM,-6,1667
2/15/23, 10:04:00 AM,4.5,1668
2/15/23, 12:04:00 PM,13,1669
2/15/23, 2:04:00 PM,18.5,1670
2/15/23, 4:04:00 PM,20,1671
2/15/23, 6:04:00 PM,14,1672
2/15/23, 8:04:00 PM,1,1673
2/15/23, 10:04:00 PM,-1.5,1674
2/16/23, 12:04:00 AM,-3,1675
2/16/23, 2:04:00 AM,-4,1676
2/16/23, 4:04:00 AM,-4.5,1677
2/16/23, 6:04:00 AM,-4,1678
2/16/23, 8:04:00 AM,-4,1679
2/16/23, 10:04:00 AM,3.5,1680
2/16/23, 12:04:00 PM,11.5,1681
2/16/23, 2:04:00 PM,15.5,1682
2/16/23, 4:04:00 PM,14,1683
2/16/23, 6:04:00 PM,10,1684
2/16/23, 8:04:00 PM,5,1685
2/16/23, 10:04:00 PM,7,1686
2/17/23, 12:04:00 AM,6.5,1687
2/17/23, 2:04:00 AM,3.5,1688
2/17/23, 4:04:00 AM,3.5,1689
2/17/23, 6:04:00 AM,0,1690
2/17/23, 8:04:00 AM,-1,1691
2/17/23, 10:04:00 AM,10,1692
2/17/23, 12:04:00 PM,16,1693
2/17/23, 2:04:00 PM,21,1694
2/17/23, 4:04:00 PM,20.5,1695
2/17/23, 6:04:00 PM,16.5,1696
2/17/23, 8:04:00 PM,5,1697
2/17/23, 10:04:00 PM,0,1698
2/18/23, 12:04:00 AM,-1.5,1699
2/18/23, 2:04:00 AM,-3,1700
2/18/23, 4:04:00 AM,-3.5,1701
2/18/23, 6:04:00 AM,-4.5,1702
2/18/23, 8:04:00 AM,-4.5,1703
2/18/23, 10:04:00 AM,7,1704
2/18/23, 12:04:00 PM,16.5,1705
2/18/23, 2:04:00 PM,22,1706
2/18/23, 4:04:00 PM,23,1707
2/18/23, 6:04:00 PM,16.5,1708
2/18/23, 8:04:00 PM,5.5,1709
2/18/23, 10:04:00 PM,2,1710
2/19/23, 12:04:00 AM,0.5,1711
2/19/23, 2:04:00 AM,-0.5,1712
2/19/23, 4:04:00 AM,-2,1713
2/19/23, 6:04:00 AM,-2,1714
2/19/23, 8:04:00 AM,-2,1715
2/19/23, 10:04:00 AM,10,1716
2/19/23, 12:04:00 PM,17,1717
2/19/23, 2:04:00 PM,25.5,1718
2/19/23, 4:04:00 PM,28.5,1719
2/19/23, 6:04:00 PM,22,1720
2/19/23, 8:04:00 PM,8.5,1721
2/19/23, 10:04:00 PM,6,1722
2/20/23, 12:04:00 AM,4,1723
2/20/23, 2:04:00 AM,3,1724
2/20/23, 4:04:00 AM,2,1725
2/20/23, 6:04:00 AM,2.5,1726
2/20/23, 8:04:00 AM,2,1727
2/20/23, 10:04:00 AM,12,1728
2/20/23, 12:04:00 PM,21,1729
2/20/23, 2:04:00 PM,27.5,1730
2/20/23, 4:04:00 PM,28.5,1731
2/20/23, 6:04:00 PM,21,1732
2/20/23, 8:04:00 PM,10,1733
2/20/23, 10:04:00 PM,7.5,1734
2/21/23, 12:04:00 AM,7,1735
2/21/23, 2:04:00 AM,6.5,1736
2/21/23, 4:04:00 AM,5.5,1737
2/21/23, 6:04:00 AM,8.5,1738
2/21/23, 8:04:00 AM,5,1739
2/21/23, 10:04:00 AM,10,1740
2/21/23, 12:04:00 PM,11,1741
2/21/23, 2:04:00 PM,13.5,1742
2/21/23, 4:04:00 PM,13,1743
2/21/23, 6:04:00 PM,4,1744
2/21/23, 8:04:00 PM,2,1745
2/21/23, 10:04:00 PM,1.5,1746
2/22/23, 12:04:00 AM,0.5,1747
2/22/23, 2:04:00 AM,0.5,1748
2/22/23, 4:04:00 AM,0.5,1749
2/22/23, 6:04:00 AM,0.5,1750
2/22/23, 8:04:00 AM,-1.5,1751
2/22/23, 10:04:00 AM,6,1752
2/22/23, 12:04:00 PM,7,1753
2/22/23, 2:04:00 PM,14,1754
2/22/23, 4:04:00 PM,6.5,1755
2/22/23, 6:04:00 PM,5.5,1756
2/22/23, 8:04:00 PM,1.5,1757
2/22/23, 10:04:00 PM,2,1758
2/23/23, 12:04:00 AM,-2,1759
2/23/23, 2:04:00 AM,-2,1760
2/23/23, 4:04:00 AM,-2,1761
2/23/23, 6:04:00 AM,0,1762
2/23/23, 8:04:00 AM,-0.5,1763
2/23/23, 10:04:00 AM,0.5,1764
2/23/23, 12:04:00 PM,4.5,1765
2/23/23, 2:04:00 PM,12,1766
2/23/23, 4:04:00 PM,6.5,1767
2/23/23, 6:04:00 PM,1,1768
2/23/23, 8:04:00 PM,0,1769
2/23/23, 10:04:00 PM,0.5,1770
2/24/23, 12:04:00 AM,0.5,1771
2/24/23, 2:04:00 AM,0.5,1772
2/24/23, 4:04:00 AM,0.5,1773
2/24/23, 6:04:00 AM,0.5,1774
2/24/23, 8:04:00 AM,0.5,1775
2/24/23, 10:04:00 AM,1.5,1776
2/24/23, 12:04:00 PM,7,1777
2/24/23, 2:04:00 PM,5,1778
2/24/23, 4:04:00 PM,1,1779
2/24/23, 6:04:00 PM,8.5,1780
2/24/23, 8:04:00 PM,-0.5,1781
2/24/23, 10:04:00 PM,-2.5,1782
2/25/23, 12:04:00 AM,-1,1783
2/25/23, 2:04:00 AM,-0.5,1784
2/25/23, 4:04:00 AM,0,1785
2/25/23, 6:04:00 AM,0,1786
2/25/23, 8:04:00 AM,0,1787
2/25/23, 10:04:00 AM,2.5,1788
2/25/23, 12:04:00 PM,4.5,1789
2/25/23, 2:04:00 PM,12.5,1790
2/25/23, 4:04:00 PM,11.5,1791
2/25/23, 6:04:00 PM,8,1792
2/25/23, 8:04:00 PM,5,1793
2/25/23, 10:04:00 PM,4.5,1794
2/26/23, 12:04:00 AM,3,1795
2/26/23, 2:04:00 AM,3,1796
2/26/23, 4:04:00 AM,3.5,1797
2/26/23, 6:04:00 AM,4,1798
2/26/23, 8:04:00 AM,4,1799
2/26/23, 10:04:00 AM,5.5,1800
2/26/23, 12:04:00 PM,5.5,1801
2/26/23, 2:04:00 PM,7,1802
2/26/23, 4:04:00 PM,13,1803
2/26/23, 6:04:00 PM,7.5,1804
2/26/23, 8:04:00 PM,2,1805
2/26/23, 10:04:00 PM,0.5,1806
2/27/23, 12:04:00 AM,0.5,1807
2/27/23, 2:04:00 AM,-0.5,1808
2/27/23, 4:04:00 AM,2,1809
2/27/23, 6:04:00 AM,2.5,1810
2/27/23, 8:04:00 AM,3,1811
2/27/23, 10:04:00 AM,3,1812
2/27/23, 12:04:00 PM,9.5,1813
2/27/23, 2:04:00 PM,5,1814
2/27/23, 4:04:00 PM,7,1815
2/27/23, 6:04:00 PM,5,1816
2/27/23, 8:04:00 PM,2.5,1817
2/27/23, 10:04:00 PM,2.5,1818
2/28/23, 12:04:00 AM,2,1819
2/28/23, 2:04:00 AM,0.5,1820
2/28/23, 4:04:00 AM,2,1821
2/28/23, 6:04:00 AM,2.5,1822
2/28/23, 8:04:00 AM,3.5,1823
2/28/23, 10:04:00 AM,6,1824
2/28/23, 12:04:00 PM,9.5,1825
2/28/23, 2:04:00 PM,9,1826
2/28/23, 4:04:00 PM,11,1827
2/28/23, 6:04:00 PM,5.5,1828
2/28/23, 8:04:00 PM,3,1829
2/28/23, 10:04:00 PM,2.5,1830
3/1/23, 12:04:00 AM,0.5,1831
3/1/23, 2:04:00 AM,-0.5,1832
3/1/23, 4:04:00 AM,-1,1833
3/1/23, 6:04:00 AM,-3,1834
3/1/23, 8:04:00 AM,-1.5,1835
3/1/23, 10:04:00 AM,5.5,1836
3/1/23, 12:04:00 PM,8,1837
3/1/23, 2:04:00 PM,11.5,1838
3/1/23, 4:04:00 PM,13.5,1839
3/1/23, 6:04:00 PM,10.5,1840
3/1/23, 8:04:00 PM,3,1841
3/1/23, 10:04:00 PM,1,1842
3/2/23, 12:04:00 AM,-1,1843
3/2/23, 2:04:00 AM,-2,1844
3/2/23, 4:04:00 AM,-2.5,1845
3/2/23, 6:04:00 AM,-3,1846
3/2/23, 8:04:00 AM,-2.5,1847
3/2/23, 10:04:00 AM,9,1848
3/2/23, 12:04:00 PM,15,1849
3/2/23, 2:04:00 PM,19,1850
3/2/23, 4:04:00 PM,20,1851
3/2/23, 6:04:00 PM,14,1852
3/2/23, 8:04:00 PM,7.5,1853
3/2/23, 10:04:00 PM,2.5,1854
3/3/23, 12:04:00 AM,1,1855
3/3/23, 2:04:00 AM,0,1856
3/3/23, 4:04:00 AM,2,1857
3/3/23, 6:04:00 AM,2.5,1858
3/3/23, 8:04:00 AM,1.5,1859
3/3/23, 10:04:00 AM,9.5,1860
3/3/23, 12:04:00 PM,13.5,1861
3/3/23, 2:04:00 PM,17.5,1862
3/3/23, 4:04:00 PM,17.5,1863
3/3/23, 6:04:00 PM,9.5,1864
3/3/23, 8:04:00 PM,6,1865
3/3/23, 10:04:00 PM,5,1866
3/4/23, 12:04:00 AM,4.5,1867
3/4/23, 2:04:00 AM,4,1868
3/4/23, 4:04:00 AM,2.5,1869
3/4/23, 6:04:00 AM,3,1870
3/4/23, 8:04:00 AM,3.5,1871
3/4/23, 10:04:00 AM,3.5,1872
3/4/23, 12:04:00 PM,6,1873
3/4/23, 2:04:00 PM,4.5,1874
3/4/23, 4:04:00 PM,8,1875
3/4/23, 6:04:00 PM,6,1876
3/4/23, 8:04:00 PM,4.5,1877
3/4/23, 10:04:00 PM,4,1878
3/5/23, 12:04:00 AM,3,1879
3/5/23, 2:04:00 AM,2.5,1880
3/5/23, 4:04:00 AM,3,1881
3/5/23, 6:04:00 AM,2.5,1882
3/5/23, 8:04:00 AM,1.5,1883
3/5/23, 10:04:00 AM,5,1884
3/5/23, 12:04:00 PM,13,1885
3/5/23, 2:04:00 PM,2.5,1886
3/5/23, 4:04:00 PM,10.5,1887
3/5/23, 6:04:00 PM,6.5,1888
3/5/23, 8:04:00 PM,1,1889
3/5/23, 10:04:00 PM,1.5,1890
3/6/23, 12:04:00 AM,2,1891
3/6/23, 2:04:00 AM,2.5,1892
3/6/23, 4:04:00 AM,2.5,1893
3/6/23, 6:04:00 AM,1,1894
3/6/23, 8:04:00 AM,0.5,1895
3/6/23, 10:04:00 AM,7.5,1896
3/6/23, 12:04:00 PM,7.5,1897
3/6/23, 2:04:00 PM,8,1898
3/6/23, 4:04:00 PM,13.5,1899
3/6/23, 6:04:00 PM,12,1900
3/6/23, 8:04:00 PM,3,1901
3/6/23, 10:04:00 PM,4,1902
3/7/23, 12:04:00 AM,3,1903
3/7/23, 2:04:00 AM,2.5,1904
3/7/23, 4:04:00 AM,2.5,1905
3/7/23, 6:04:00 AM,2,1906
3/7/23, 8:04:00 AM,2,1907
3/7/23, 10:04:00 AM,5,1908
3/7/23, 12:04:00 PM,9.5,1909
3/7/23, 2:04:00 PM,9,1910
3/7/23, 4:04:00 PM,10,1911
3/7/23, 6:04:00 PM,7.5,1912
3/7/23, 8:04:00 PM,4.5,1913
3/7/23, 10:04:00 PM,4.5,1914
3/8/23, 12:04:00 AM,3.5,1915
3/8/23, 2:04:00 AM,4,1916
3/8/23, 4:04:00 AM,4,1917
3/8/23, 6:04:00 AM,3.5,1918
3/8/23, 8:04:00 AM,3.5,1919
3/8/23, 10:04:00 AM,9,1920
3/8/23, 12:04:00 PM,10,1921
3/8/23, 2:04:00 PM,17,1922
3/8/23, 4:04:00 PM,15.5,1923
3/8/23, 6:04:00 PM,10,1924
3/8/23, 8:04:00 PM,3.5,1925
3/8/23, 10:04:00 PM,1,1926
3/9/23, 12:04:00 AM,0.5,1927
3/9/23, 2:04:00 AM,-0.5,1928
3/9/23, 4:04:00 AM,1.5,1929
3/9/23, 6:04:00 AM,2.5,1930
3/9/23, 8:04:00 AM,2.5,1931
3/9/23, 10:04:00 AM,5.5,1932
3/9/23, 12:04:00 PM,6,1933
3/9/23, 2:04:00 PM,7,1934
3/9/23, 4:04:00 PM,7,1935
3/9/23, 6:04:00 PM,7,1936
3/9/23, 8:04:00 PM,7,1937
3/9/23, 10:04:00 PM,8,1938
3/10/23, 12:04:00 AM,9,1939
3/10/23, 2:04:00 AM,9.5,1940
3/10/23, 4:04:00 AM,7,1941
3/10/23, 6:04:00 AM,6,1942
3/10/23, 8:04:00 AM,6,1943
3/10/23, 10:04:00 AM,8.5,1944
3/10/23, 12:04:00 PM,13,1945
3/10/23, 2:04:00 PM,17.5,1946
3/10/23, 4:04:00 PM,18.5,1947
3/10/23, 6:04:00 PM,17,1948
3/10/23, 8:04:00 PM,4.5,1949
3/10/23, 10:04:00 PM,4.5,1950
3/11/23, 12:04:00 AM,5,1951
3/11/23, 2:04:00 AM,4.5,1952
3/11/23, 4:04:00 AM,5,1953
3/11/23, 6:04:00 AM,5,1954
3/11/23, 8:04:00 AM,5.5,1955
3/11/23, 10:04:00 AM,8.5,1956
3/11/23, 12:04:00 PM,10.5,1957
3/11/23, 2:04:00 PM,10.5,1958
3/11/23, 4:04:00 PM,11.5,1959
3/11/23, 6:04:00 PM,11,1960
3/11/23, 8:04:00 PM,9.5,1961
3/11/23, 10:04:00 PM,9.5,1962
3/12/23, 12:04:00 AM,10,1963
3/12/23, 3:04:00 AM,10,1964
3/12/23, 5:04:00 AM,10,1965
3/12/23, 7:04:00 AM,9.5,1966
3/12/23, 9:04:00 AM,9.5,1967
3/12/23, 11:04:00 AM,11.5,1968
3/12/23, 1:04:00 PM,12,1969
3/12/23, 3:04:00 PM,12.5,1970
3/12/23, 5:04:00 PM,12.5,1971
3/12/23, 7:04:00 PM,11.5,1972
3/12/23, 9:04:00 PM,11,1973
3/12/23, 11:04:00 PM,10.5,1974
3/13/23, 1:04:00 AM,10.5,1975
3/13/23, 3:04:00 AM,10.5,1976
3/13/23, 5:04:00 AM,10.5,1977
3/13/23, 7:04:00 AM,10.5,1978
3/13/23, 9:04:00 AM,10.5,1979
3/13/23, 11:04:00 AM,11.5,1980
3/13/23, 1:04:00 PM,14,1981
3/13/23, 3:04:00 PM,15.5,1982
3/13/23, 5:04:00 PM,16.5,1983
3/13/23, 7:04:00 PM,13.5,1984
3/13/23, 9:04:00 PM,11.5,1985
3/13/23, 11:04:00 PM,11,1986
3/14/23, 1:04:00 AM,11,1987
3/14/23, 3:04:00 AM,10.5,1988
3/14/23, 5:04:00 AM,11,1989
3/14/23, 7:04:00 AM,11,1990
3/14/23, 9:04:00 AM,11,1991
3/14/23, 11:04:00 AM,12,1992
3/14/23, 1:04:00 PM,14.5,1993
3/14/23, 3:04:00 PM,14,1994
3/14/23, 5:04:00 PM,13,1995
3/14/23, 7:04:00 PM,10,1996
3/14/23, 9:04:00 PM,7,1997
3/14/23, 11:04:00 PM,7,1998
3/15/23, 1:04:00 AM,6.5,1999
3/15/23, 3:04:00 AM,4,2000
3/15/23, 5:04:00 AM,3,2001
3/15/23, 7:04:00 AM,1,2002
3/15/23, 9:04:00 AM,0.5,2003
3/15/23, 11:04:00 AM,10,2004
3/15/23, 1:04:00 PM,16,2005
3/15/23, 3:04:00 PM,20.5,2006
3/15/23, 5:04:00 PM,19.5,2007
3/15/23, 7:04:00 PM,17.5,2008
3/15/23, 9:04:00 PM,8.5,2009
3/15/23, 11:04:00 PM,4.5,2010
3/16/23, 1:04:00 AM,2.5,2011
3/16/23, 3:04:00 AM,1.5,2012
3/16/23, 5:04:00 AM,1,2013
3/16/23, 7:04:00 AM,-0.5,2014
3/16/23, 9:04:00 AM,0.5,2015
3/16/23, 11:04:00 AM,12,2016
3/16/23, 1:04:00 PM,21.5,2017
3/16/23, 3:04:00 PM,23,2018
3/16/23, 5:04:00 PM,25,2019
3/16/23, 7:04:00 PM,21,2020
3/16/23, 9:04:00 PM,8.5,2021
3/16/23, 11:04:00 PM,5,2022
3/17/23, 1:04:00 AM,3.5,2023
3/17/23, 3:04:00 AM,2.5,2024
3/17/23, 5:04:00 AM,1.5,2025
3/17/23, 7:04:00 AM,1,2026
3/17/23, 9:04:00 AM,0.5,2027
3/17/23, 11:04:00 AM,14.5,2028
3/17/23, 1:04:00 PM,19.5,2029
3/17/23, 3:04:00 PM,23,2030
3/17/23, 5:04:00 PM,23,2031
3/17/23, 7:04:00 PM,24,2032
3/17/23, 9:04:00 PM,9.5,2033
3/17/23, 11:04:00 PM,5,2034
3/18/23, 1:04:00 AM,4,2035
3/18/23, 3:04:00 AM,3.5,2036
3/18/23, 5:04:00 AM,2,2037
3/18/23, 7:04:00 AM,1,2038
3/18/23, 9:04:00 AM,3,2039
3/18/23, 11:04:00 AM,11.5,2040
3/18/23, 1:04:00 PM,16.5,2041
3/18/23, 3:04:00 PM,20.5,2042
3/18/23, 5:04:00 PM,20.5,2043
3/18/23, 7:04:00 PM,17,2044
3/18/23, 9:04:00 PM,14,2045
3/18/23, 11:04:00 PM,12,2046
3/19/23, 1:04:00 AM,10.5,2047
3/19/23, 3:04:00 AM,8,2048
3/19/23, 5:04:00 AM,8.5,2049
3/19/23, 7:04:00 AM,8.5,2050
3/19/23, 9:04:00 AM,8.5,2051
3/19/23, 11:04:00 AM,9,2052
3/19/23, 1:04:00 PM,10.5,2053
3/19/23, 3:04:00 PM,11,2054
3/19/23, 5:04:00 PM,11,2055
3/19/23, 7:04:00 PM,11,2056
3/19/23, 9:04:00 PM,9.5,2057
3/19/23, 11:04:00 PM,8,2058
3/20/23, 1:04:00 AM,8.5,2059
3/20/23, 3:04:00 AM,8,2060
3/20/23, 5:04:00 AM,6.5,2061
3/20/23, 7:04:00 AM,6,2062
3/20/23, 9:04:00 AM,2.5,2063
3/20/23, 11:04:00 AM,12,2064
3/20/23, 1:04:00 PM,19,2065
3/20/23, 3:04:00 PM,22,2066
3/20/23, 5:04:00 PM,21.5,2067
3/20/23, 7:04:00 PM,17,2068
3/20/23, 9:04:00 PM,8.5,2069
3/20/23, 11:04:00 PM,6.5,2070
3/21/23, 1:04:00 AM,4,2071
3/21/23, 3:04:00 AM,5.5,2072
3/21/23, 5:04:00 AM,5.5,2073
3/21/23, 7:04:00 AM,5.5,2074
3/21/23, 9:04:00 AM,5.5,2075
3/21/23, 11:04:00 AM,6,2076
3/21/23, 1:04:00 PM,11,2077
3/21/23, 3:04:00 PM,10,2078
3/21/23, 5:04:00 PM,11.5,2079
3/21/23, 7:04:00 PM,8.5,2080
3/21/23, 9:04:00 PM,7,2081
3/21/23, 11:04:00 PM,5.5,2082
3/22/23, 1:04:00 AM,5.5,2083
3/22/23, 3:04:00 AM,5.5,2084
3/22/23, 5:04:00 AM,6,2085
3/22/23, 7:04:00 AM,5,2086
3/22/23, 9:04:00 AM,7,2087
3/22/23, 11:04:00 AM,12.5,2088
3/22/23, 1:04:00 PM,14,2089
3/22/23, 3:04:00 PM,20.5,2090
3/22/23, 5:04:00 PM,12,2091
3/22/23, 7:04:00 PM,11,2092
3/22/23, 9:04:00 PM,8.5,2093
3/22/23, 11:04:00 PM,7.5,2094
3/23/23, 1:04:00 AM,7,2095
3/23/23, 3:04:00 AM,7,2096
3/23/23, 5:04:00 AM,6.5,2097
3/23/23, 7:04:00 AM,6,2098
3/23/23, 9:04:00 AM,5.5,2099
3/23/23, 11:04:00 AM,11.5,2100
3/23/23, 1:04:00 PM,13.5,2101
3/23/23, 3:04:00 PM,15,2102
3/23/23, 5:04:00 PM,14,2103
3/23/23, 7:04:00 PM,10.5,2104
3/23/23, 9:04:00 PM,7,2105
3/23/23, 11:04:00 PM,5.5,2106
3/24/23, 1:04:00 AM,4,2107
3/24/23, 3:04:00 AM,0.5,2108
3/24/23, 5:04:00 AM,-1,2109
3/24/23, 7:04:00 AM,-1,2110
3/24/23, 9:04:00 AM,-1,2111
3/24/23, 11:04:00 AM,11.5,2112
3/24/23, 1:04:00 PM,15.5,2113
3/24/23, 3:04:00 PM,14.5,2114
3/24/23, 5:04:00 PM,10.5,2115
3/24/23, 7:04:00 PM,11.5,2116
3/24/23, 9:04:00 PM,6.5,2117
3/24/23, 11:04:00 PM,3.5,2118
3/25/23, 1:04:00 AM,4,2119
3/25/23, 3:04:00 AM,3.5,2120
3/25/23, 5:04:00 AM,0,2121
3/25/23, 7:04:00 AM,-2.5,2122
3/25/23, 9:04:00 AM,-1.5,2123
3/25/23, 11:04:00 AM,10,2124
3/25/23, 1:04:00 PM,14.5,2125
3/25/23, 3:04:00 PM,16.5,2126
3/25/23, 5:04:00 PM,15,2127
3/25/23, 7:04:00 PM,13,2128
3/25/23, 9:04:00 PM,5.5,2129
3/25/23, 11:04:00 PM,4,2130
3/26/23, 1:04:00 AM,0,2131
3/26/23, 3:04:00 AM,0.5,2132
3/26/23, 5:04:00 AM,-2,2133
3/26/23, 7:04:00 AM,-3.5,2134
3/26/23, 9:04:00 AM,-1,2135
3/26/23, 11:04:00 AM,10,2136
3/26/23, 1:04:00 PM,15.5,2137
3/26/23, 3:04:00 PM,17.5,2138
3/26/23, 5:04:00 PM,18.5,2139
3/26/23, 7:04:00 PM,15.5,2140
3/26/23, 9:04:00 PM,7,2141
3/26/23, 11:04:00 PM,1,2142
3/27/23, 1:04:00 AM,-1,2143
3/27/23, 3:04:00 AM,-2.5,2144
3/27/23, 5:04:00 AM,-3.5,2145
3/27/23, 7:04:00 AM,-4,2146
3/27/23, 9:04:00 AM,-2,2147
3/27/23, 11:04:00 AM,13.5,2148
3/27/23, 1:04:00 PM,19,2149
3/27/23, 3:04:00 PM,19,2150
3/27/23, 5:04:00 PM,14.5,2151
3/27/23, 7:04:00 PM,11.5,2152
3/27/23, 9:04:00 PM,9,2153
3/27/23, 11:04:00 PM,5.5,2154
3/28/23, 1:04:00 AM,5,2155
3/28/23, 3:04:00 AM,5,2156
3/28/23, 5:04:00 AM,5.5,2157
3/28/23, 7:04:00 AM,6,2158
3/28/23, 9:04:00 AM,6.5,2159
3/28/23, 11:04:00 AM,5.5,2160
3/28/23, 1:04:00 PM,7,2161
3/28/23, 3:04:00 PM,10.5,2162
3/28/23, 5:04:00 PM,8,2163
3/28/23, 7:04:00 PM,7.5,2164
3/28/23, 9:04:00 PM,5.5,2165
3/28/23, 11:04:00 PM,6,2166
3/29/23, 1:04:00 AM,4.5,2167
3/29/23, 3:04:00 AM,4.5,2168
3/29/23, 5:04:00 AM,4.5,2169
3/29/23, 7:04:00 AM,5,2170
3/29/23, 9:04:00 AM,5,2171
3/29/23, 11:04:00 AM,4.5,2172
3/29/23, 1:04:00 PM,9.5,2173
3/29/23, 3:04:00 PM,8.5,2174
3/29/23, 5:04:00 PM,8.5,2175
3/29/23, 7:04:00 PM,9,2176
3/29/23, 9:04:00 PM,5.5,2177
3/29/23, 11:04:00 PM,4.5,2178
3/30/23, 1:04:00 AM,1.5,2179
3/30/23, 3:04:00 AM,1,2180
3/30/23, 5:04:00 AM,3,2181
3/30/23, 7:04:00 AM,3.5,2182
3/30/23, 9:04:00 AM,3.5,2183
3/30/23, 11:04:00 AM,6.5,2184
3/30/23, 1:04:00 PM,16.5,2185
3/30/23, 3:04:00 PM,21,2186
3/30/23, 5:04:00 PM,13.5,2187
3/30/23, 7:04:00 PM,17,2188
3/30/23, 9:04:00 PM,7.5,2189
3/30/23, 11:04:00 PM,3,2190
3/31/23, 1:04:00 AM,1,2191
3/31/23, 3:04:00 AM,0,2192
3/31/23, 5:04:00 AM,3,2193
3/31/23, 7:04:00 AM,3.5,2194
3/31/23, 9:04:00 AM,3,2195
3/31/23, 11:04:00 AM,14,2196
3/31/23, 1:04:00 PM,14,2197
3/31/23, 3:04:00 PM,14,2198
3/31/23, 5:04:00 PM,14.5,2199
3/31/23, 7:04:00 PM,12,2200
3/31/23, 9:04:00 PM,8,2201
3/31/23, 11:04:00 PM,3,2202
4/1/23, 1:04:00 AM,1.5,2203
4/1/23, 3:04:00 AM,0.5,2204
4/1/23, 5:04:00 AM,2,2205
4/1/23, 7:04:00 AM,3.5,2206
4/1/23, 9:04:00 AM,5.5,2207
4/1/23, 11:04:00 AM,11,2208
4/1/23, 1:04:00 PM,13,2209
4/1/23, 3:04:00 PM,12.5,2210
4/1/23, 5:04:00 PM,14,2211
4/1/23, 7:04:00 PM,15.5,2212
4/1/23, 9:04:00 PM,11,2213
4/1/23, 11:04:00 PM,9.5,2214
4/2/23, 1:04:00 AM,8,2215
4/2/23, 3:04:00 AM,6.5,2216
4/2/23, 5:04:00 AM,4,2217
4/2/23, 7:04:00 AM,1,2218
4/2/23, 9:04:00 AM,2,2219
4/2/23, 11:04:00 AM,14.5,2220
4/2/23, 1:04:00 PM,15,2221
4/2/23, 3:04:00 PM,16.5,2222
4/2/23, 5:04:00 PM,14.5,2223
4/2/23, 7:04:00 PM,8.5,2224
4/2/23, 9:04:00 PM,5,2225
4/2/23, 11:04:00 PM,5,2226
4/3/23, 1:04:00 AM,3,2227
4/3/23, 3:04:00 AM,2,2228
4/3/23, 5:04:00 AM,-1,2229
4/3/23, 7:04:00 AM,-1.5,2230
4/3/23, 9:04:00 AM,0,2231
4/3/23, 11:04:00 AM,10.5,2232
4/3/23, 1:04:00 PM,13.5,2233
4/3/23, 3:04:00 PM,17,2234
4/3/23, 5:04:00 PM,14,2235
4/3/23, 7:04:00 PM,12.5,2236
4/3/23, 9:04:00 PM,5,2237
4/3/23, 11:04:00 PM,3,2238
4/4/23, 1:04:00 AM,1.5,2239
4/4/23, 3:04:00 AM,0,2240
4/4/23, 5:04:00 AM,-0.5,2241
4/4/23, 7:04:00 AM,-0.5,2242
4/4/23, 9:04:00 AM,-0.5,2243
4/4/23, 11:04:00 AM,11.5,2244
4/4/23, 1:04:00 PM,16,2245
4/4/23, 3:04:00 PM,18,2246
4/4/23, 5:04:00 PM,17.5,2247
4/4/23, 7:04:00 PM,14.5,2248
4/4/23, 9:04:00 PM,7,2249
4/4/23, 11:04:00 PM,4.5,2250
4/5/23, 1:04:00 AM,1.5,2251
4/5/23, 3:04:00 AM,-0.5,2252
4/5/23, 5:04:00 AM,-1,2253
4/5/23, 7:04:00 AM,-0.5,2254
4/5/23, 9:04:00 AM,2.5,2255
4/5/23, 11:04:00 AM,16,2256
4/5/23, 1:04:00 PM,20,2257
4/5/23, 3:04:00 PM,21.5,2258
4/5/23, 5:04:00 PM,21,2259
4/5/23, 7:04:00 PM,22.5,2260
4/5/23, 9:04:00 PM,9.5,2261
4/5/23, 11:04:00 PM,4,2262
4/6/23, 1:04:00 AM,4.5,2263
4/6/23, 3:04:00 AM,3.5,2264
4/6/23, 5:04:00 AM,3,2265
4/6/23, 7:04:00 AM,2.5,2266
4/6/23, 9:04:00 AM,7.5,2267
4/6/23, 11:04:00 AM,14.5,2268
4/6/23, 1:04:00 PM,16.5,2269
4/6/23, 3:04:00 PM,16,2270
4/6/23, 5:04:00 PM,16.5,2271
4/6/23, 7:04:00 PM,13,2272
4/6/23, 9:04:00 PM,9,2273
4/6/23, 11:04:00 PM,7.5,2274
4/7/23, 1:04:00 AM,7.5,2275
4/7/23, 3:04:00 AM,8,2276
4/7/23, 5:04:00 AM,8,2277
4/7/23, 7:04:00 AM,8.5,2278
4/7/23, 9:04:00 AM,10,2279
4/7/23, 11:04:00 AM,12,2280
4/7/23, 1:04:00 PM,16.5,2281
4/7/23, 3:04:00 PM,20.5,2282
4/7/23, 5:04:00 PM,21,2283
4/7/23, 7:04:00 PM,17,2284
4/7/23, 9:04:00 PM,10.5,2285
4/7/23, 11:04:00 PM,7.5,2286
4/8/23, 1:04:00 AM,5.5,2287
4/8/23, 3:04:00 AM,5,2288
4/8/23, 5:04:00 AM,5,2289
4/8/23, 7:04:00 AM,6,2290
4/8/23, 9:04:00 AM,7,2291
4/8/23, 11:04:00 AM,12.5,2292
4/8/23, 1:04:00 PM,20.5,2293
4/8/23, 3:04:00 PM,24.5,2294
4/8/23, 5:04:00 PM,26,2295
4/8/23, 7:04:00 PM,24.5,2296
4/8/23, 9:04:00 PM,10.5,2297
4/8/23, 11:04:00 PM,6.5,2298
4/9/23, 1:04:00 AM,5,2299
4/9/23, 3:04:00 AM,4.5,2300
4/9/23, 5:04:00 AM,3,2301
4/9/23, 7:04:00 AM,2.5,2302
4/9/23, 9:04:00 AM,4,2303
4/9/23, 11:04:00 AM,22,2304
4/9/23, 1:04:00 PM,26.5,2305
4/9/23, 3:04:00 PM,29,2306
4/9/23, 5:04:00 PM,30.5,2307
4/9/23, 7:04:00 PM,28,2308
4/9/23, 9:04:00 PM,16,2309
4/9/23, 11:04:00 PM,10.5,2310
4/10/23, 1:04:00 AM,8.5,2311
4/10/23, 3:04:00 AM,7,2312
4/10/23, 5:04:00 AM,6,2313
4/10/23, 7:04:00 AM,4.5,2314
4/10/23, 9:04:00 AM,6.5,2315
4/10/23, 11:04:00 AM,25,2316
4/10/23, 1:04:00 PM,30,2317
4/10/23, 3:04:00 PM,29.5,2318
4/10/23, 5:04:00 PM,29.5,2319
4/10/23, 7:04:00 PM,24,2320
4/10/23, 9:04:00 PM,13.5,2321
4/10/23, 11:04:00 PM,12.5,2322
4/11/23, 1:04:00 AM,12.5,2323
4/11/23, 3:04:00 AM,12.5,2324
4/11/23, 5:04:00 AM,12.5,2325
4/11/23, 7:04:00 AM,12.5,2326
4/11/23, 9:04:00 AM,13,2327
4/11/23, 11:04:00 AM,21.5,2328
4/11/23, 1:04:00 PM,21,2329
4/11/23, 3:04:00 PM,22,2330
4/11/23, 5:04:00 PM,20.5,2331
4/11/23, 7:04:00 PM,19,2332
4/11/23, 9:04:00 PM,9,2333
4/11/23, 11:04:00 PM,6.5,2334
4/12/23, 1:04:00 AM,5.5,2335
4/12/23, 3:04:00 AM,4.5,2336
4/12/23, 5:04:00 AM,3,2337
4/12/23, 7:04:00 AM,-0.5,2338
4/12/23, 9:04:00 AM,3,2339
4/12/23, 11:04:00 AM,17.5,2340
4/12/23, 1:04:00 PM,17,2341
4/12/23, 3:04:00 PM,18,2342
4/12/23, 5:04:00 PM,18.5,2343
4/12/23, 7:04:00 PM,16,2344
4/12/23, 9:04:00 PM,8,2345
4/12/23, 11:04:00 PM,6.5,2346
4/13/23, 1:04:00 AM,4,2347
4/13/23, 3:04:00 AM,0.5,2348
4/13/23, 5:04:00 AM,-1,2349
4/13/23, 7:04:00 AM,2,2350
4/13/23, 9:04:00 AM,1.5,2351
4/13/23, 11:04:00 AM,16,2352
4/13/23, 1:04:00 PM,20,2353
4/13/23, 3:04:00 PM,23,2354
4/13/23, 5:04:00 PM,22,2355
4/13/23, 7:04:00 PM,18,2356
4/13/23, 9:04:00 PM,9.5,2357
4/13/23, 11:04:00 PM,3.5,2358
4/14/23, 1:04:00 AM,1,2359
4/14/23, 3:04:00 AM,1,2360
4/14/23, 5:04:00 AM,0.5,2361
4/14/23, 7:04:00 AM,0,2362
4/14/23, 9:04:00 AM,3,2363
4/14/23, 11:04:00 AM,21,2364
4/14/23, 1:04:00 PM,22.5,2365
4/14/23, 3:04:00 PM,27,2366
4/14/23, 5:04:00 PM,25.5,2367
4/14/23, 7:04:00 PM,22,2368
4/14/23, 9:04:00 PM,12,2369
4/14/23, 11:04:00 PM,6.5,2370
4/15/23, 1:04:00 AM,4.5,2371
4/15/23, 3:04:00 AM,3.5,2372
4/15/23, 5:04:00 AM,1.5,2373
4/15/23, 7:04:00 AM,0,2374
4/15/23, 9:04:00 AM,2.5,2375
4/15/23, 11:04:00 AM,20.5,2376
4/15/23, 1:04:00 PM,24.5,2377
4/15/23, 3:04:00 PM,24.5,2378
4/15/23, 5:04:00 PM,25.5,2379
4/15/23, 7:04:00 PM,23,2380
4/15/23, 9:04:00 PM,10.5,2381
4/15/23, 11:04:00 PM,6.5,2382
4/16/23, 1:04:00 AM,4,2383
4/16/23, 3:04:00 AM,3,2384
4/16/23, 5:04:00 AM,1.5,2385
4/16/23, 7:04:00 AM,4.5,2386
4/16/23, 9:04:00 AM,7,2387
4/16/23, 11:04:00 AM,15,2388
4/16/23, 1:04:00 PM,19,2389
4/16/23, 3:04:00 PM,23,2390
4/16/23, 5:04:00 PM,23,2391
4/16/23, 7:04:00 PM,19.5,2392
4/16/23, 9:04:00 PM,11,2393
4/16/23, 11:04:00 PM,9.5,2394
4/17/23, 1:04:00 AM,9.5,2395
4/17/23, 3:04:00 AM,9.5,2396
4/17/23, 5:04:00 AM,8.5,2397
4/17/23, 7:04:00 AM,6,2398
4/17/23, 9:04:00 AM,9,2399
4/17/23, 11:04:00 AM,13,2400
4/17/23, 1:04:00 PM,19,2401
4/17/23, 3:04:00 PM,17,2402
4/17/23, 5:04:00 PM,21.5,2403
4/17/23, 7:04:00 PM,14.5,2404
4/17/23, 9:04:00 PM,7.5,2405
4/17/23, 11:04:00 PM,6,2406
4/18/23, 1:04:00 AM,5,2407
4/18/23, 3:04:00 AM,3.5,2408
4/18/23, 5:04:00 AM,3.5,2409
4/18/23, 7:04:00 AM,4,2410
4/18/23, 9:04:00 AM,5.5,2411
4/18/23, 11:04:00 AM,11.5,2412
4/18/23, 1:04:00 PM,14.5,2413
4/18/23, 3:04:00 PM,17.5,2414
4/18/23, 5:04:00 PM,14,2415
4/18/23, 7:04:00 PM,12,2416
4/18/23, 9:04:00 PM,8.5,2417
4/18/23, 11:04:00 PM,3,2418
4/19/23, 1:04:00 AM,5.5,2419
4/19/23, 3:04:00 AM,3.5,2420
4/19/23, 5:04:00 AM,1.5,2421
4/19/23, 7:04:00 AM,1,2422
4/19/23, 9:04:00 AM,4,2423
4/19/23, 11:04:00 AM,14.5,2424
4/19/23, 1:04:00 PM,18.5,2425
4/19/23, 3:04:00 PM,19.5,2426
4/19/23, 5:04:00 PM,20.5,2427
4/19/23, 7:04:00 PM,19.5,2428
4/19/23, 9:04:00 PM,10,2429
4/19/23, 11:04:00 PM,4.5,2430
4/20/23, 1:04:00 AM,2,2431
4/20/23, 3:04:00 AM,1,2432
4/20/23, 5:04:00 AM,0.5,2433
4/20/23, 7:04:00 AM,0,2434
4/20/23, 9:04:00 AM,5.5,2435
4/20/23, 11:04:00 AM,18.5,2436
4/20/23, 1:04:00 PM,22,2437
4/20/23, 3:04:00 PM,25,2438
4/20/23, 5:04:00 PM,26,2439
4/20/23, 7:04:00 PM,22.5,2440
4/20/23, 9:04:00 PM,13,2441
4/20/23, 11:04:00 PM,9,2442
4/21/23, 1:04:00 AM,7,2443
4/21/23, 3:04:00 AM,7,2444
4/21/23, 5:04:00 AM,6.5,2445
4/21/23, 7:04:00 AM,5.5,2446
4/21/23, 9:04:00 AM,10.5,2447
4/21/23, 11:04:00 AM,25,2448
4/21/23, 1:04:00 PM,28,2449
4/21/23, 3:04:00 PM,30.5,2450
4/21/23, 5:04:00 PM,29,2451
4/21/23, 7:04:00 PM,26.5,2452
4/21/23, 9:04:00 PM,17.5,2453
4/21/23, 11:04:00 PM,11.5,2454
4/22/23, 1:04:00 AM,9.5,2455
4/22/23, 3:04:00 AM,8.5,2456
4/22/23, 5:04:00 AM,8,2457
4/22/23, 7:04:00 AM,7,2458
4/22/23, 9:04:00 AM,11.5,2459
4/22/23, 11:04:00 AM,25.5,2460
4/22/23, 1:04:00 PM,28,2461
4/22/23, 3:04:00 PM,31,2462
4/22/23, 5:04:00 PM,29,2463
4/22/23, 7:04:00 PM,27,2464
4/22/23, 9:04:00 PM,17,2465
4/22/23, 11:04:00 PM,11,2466
4/23/23, 1:04:00 AM,8,2467
4/23/23, 3:04:00 AM,7.5,2468
4/23/23, 5:04:00 AM,9,2469
4/23/23, 7:04:00 AM,7.5,2470
4/23/23, 9:04:00 AM,11.5,2471
4/23/23, 11:04:00 AM,21.5,2472
4/23/23, 1:04:00 PM,26,2473
4/23/23, 3:04:00 PM,29,2474
4/23/23, 5:04:00 PM,29,2475
4/23/23, 7:04:00 PM,23,2476
4/23/23, 9:04:00 PM,14,2477
4/23/23, 11:04:00 PM,11,2478
4/24/23, 1:04:00 AM,7,2479
4/24/23, 3:04:00 AM,4,2480
4/24/23, 5:04:00 AM,4.5,2481
4/24/23, 7:04:00 AM,3.5,2482
4/24/23, 9:04:00 AM,9,2483
4/24/23, 11:04:00 AM,19.5,2484
4/24/23, 1:04:00 PM,23.5,2485
4/24/23, 3:04:00 PM,26.5,2486
4/24/23, 5:04:00 PM,27.5,2487
4/24/23, 7:04:00 PM,25,2488
4/24/23, 9:04:00 PM,14,2489
4/24/23, 11:04:00 PM,8,2490
4/25/23, 1:04:00 AM,6.5,2491
4/25/23, 3:04:00 AM,6,2492
4/25/23, 5:04:00 AM,4.5,2493
4/25/23, 7:04:00 AM,3.5,2494
4/25/23, 9:04:00 AM,12,2495
4/25/23, 11:04:00 AM,26,2496
4/25/23, 1:04:00 PM,32,2497
4/25/23, 3:04:00 PM,35,2498
4/25/23, 5:04:00 PM,37,2499
4/25/23, 7:04:00 PM,33.5,2500
4/25/23, 9:04:00 PM,17,2501
4/25/23, 11:04:00 PM,11.5,2502
4/26/23, 1:04:00 AM,9,2503
4/26/23, 3:04:00 AM,7,2504
4/26/23, 5:04:00 AM,5.5,2505
4/26/23, 7:04:00 AM,4.5,2506
4/26/23, 9:04:00 AM,13.5,2507
4/26/23, 11:04:00 AM,28.5,2508
4/26/23, 1:04:00 PM,35,2509
4/26/23, 3:04:00 PM,37,2510
4/26/23, 5:04:00 PM,38,2511
4/26/23, 7:04:00 PM,34.5,2512
4/26/23, 9:04:00 PM,18.5,2513
4/26/23, 11:04:00 PM,12.5,2514
4/27/23, 1:04:00 AM,9.5,2515
4/27/23, 3:04:00 AM,8,2516
4/27/23, 5:04:00 AM,6.5,2517
4/27/23, 7:04:00 AM,6,2518
4/27/23, 9:04:00 AM,15.5,2519
4/27/23, 11:04:00 AM,30,2520
4/27/23, 1:04:00 PM,36,2521
4/27/23, 3:04:00 PM,38.5,2522
4/27/23, 5:04:00 PM,38,2523
4/27/23, 7:04:00 PM,36.5,2524
4/27/23, 9:04:00 PM,20,2525
4/27/23, 11:04:00 PM,13.5,2526
4/28/23, 1:04:00 AM,11,2527
4/28/23, 3:04:00 AM,8.5,2528
4/28/23, 5:04:00 AM,7.5,2529
4/28/23, 7:04:00 AM,6.5,2530
4/28/23, 9:04:00 AM,17,2531